Date,Close/Last,Volume,Open,High,Low
2/11/2020,$774.38 ,11697470,$768.79 ,$783.51 ,$758 
2/10/2020,$771.28 ,24689160,$800 ,$819.99 ,$752.40 
2/7/2020,$748.07 ,17063520,$730.55 ,$769.75 ,$730 
2/6/2020,$748.96 ,39880750,$699.92 ,$795.83 ,$687 
2/5/2020,$734.70 ,48423840,$823.26 ,$845.98 ,$704.11 
2/4/2020,$887.06 ,60938760,$882.96 ,$968.99 ,$833.88 
2/3/2020,$780 ,47233500,$673.69 ,$786.14 ,$673.52 
1/31/2020,$650.57 ,15719270,$640 ,$653 ,$632.52 
1/30/2020,$640.81 ,29005680,$632.42 ,$650.88 ,$618 
1/29/2020,$580.99 ,18216670,$575.69 ,$589.80 ,$567.43 
1/28/2020,$566.90 ,11788490,$568.49 ,$576.81 ,$558.08 
1/27/2020,$558.02 ,13608070,$541.99 ,$564.44 ,$539.28 
1/24/2020,$564.82 ,14353600,$570.63 ,$573.86 ,$554.26 
1/23/2020,$572.20 ,19651040,$564.25 ,$582 ,$555.60 
1/22/2020,$569.56 ,31369030,$571.89 ,$594.50 ,$559.10 
1/21/2020,$547.20 ,17803470,$530.25 ,$548.58 ,$528.41 
1/17/2020,$510.50 ,13629070,$507.61 ,$515.67 ,$503.16 
1/16/2020,$513.49 ,21736650,$493.75 ,$514.46 ,$492.17 
1/15/2020,$518.50 ,17368830,$529.76 ,$537.84 ,$516.79 
1/14/2020,$537.92 ,29061380,$544.26 ,$547.41 ,$524.90 
1/13/2020,$524.86 ,26634550,$493.50 ,$525.63 ,$492 
1/10/2020,$478.15 ,12976830,$481.79 ,$484.94 ,$473.70 
1/9/2020,$481.34 ,28463190,$497.10 ,$498.80 ,$472.87 
1/8/2020,$492.14 ,31199390,$473.70 ,$498.49 ,$468.23 
1/7/2020,$469.06 ,18209140,$461.40 ,$471.63 ,$453.36 
1/6/2020,$451.54 ,10157500,$440.47 ,$451.56 ,$440 
1/3/2020,$443.01 ,17794700,$440.50 ,$454 ,$436.92 
1/2/2020,$430.26 ,9558386,$424.50 ,$430.70 ,$421.71 
12/31/2019,$418.33 ,10292460,$405 ,$421.29 ,$402.08 
12/30/2019,$414.70 ,12601270,$428.79 ,$429 ,$409.26 
12/27/2019,$430.38 ,9956827,$435 ,$435.31 ,$426.11 
12/26/2019,$430.94 ,10648290,$427.91 ,$433.48 ,$426.35 
12/24/2019,$425.25 ,8054720,$418.36 ,$425.47 ,$412.69 
12/23/2019,$419.22 ,13332820,$411.78 ,$422.01 ,$410 
12/20/2019,$405.59 ,14785210,$410.29 ,$413 ,$400.19 
12/19/2019,$404.04 ,18120310,$397.32 ,$406.85 ,$396.50 
12/18/2019,$393.15 ,14136390,$380.63 ,$395.22 ,$380.58 
12/17/2019,$378.99 ,8503775,$378.99 ,$385.50 ,$375.90 
12/16/2019,$381.50 ,18220940,$362.55 ,$383.61 ,$362.50 
12/13/2019,$358.39 ,6574281,$361.05 ,$365.21 ,$354.64 
12/12/2019,$359.68 ,7776211,$354.92 ,$362.74 ,$353.23 
12/11/2019,$352.70 ,6919162,$351.88 ,$357.19 ,$351.09 
12/10/2019,$348.84 ,8839951,$339.96 ,$350.73 ,$339.31 
12/9/2019,$339.53 ,9040217,$336.59 ,$344.45 ,$335.08 
12/6/2019,$335.89 ,7618937,$335 ,$338.86 ,$334.77 
12/5/2019,$330.37 ,3736976,$332.83 ,$334.42 ,$327.25 
12/4/2019,$333.03 ,5536255,$337.75 ,$337.86 ,$332.85 
12/3/2019,$336.20 ,6613476,$332.62 ,$337.91 ,$332.19 
12/2/2019,$334.87 ,6081986,$329.40 ,$336.38 ,$328.69 
11/29/2019,$329.94 ,2465629,$331.11 ,$331.26 ,$327.50 
11/27/2019,$331.29 ,5563459,$331.12 ,$333.93 ,$328.57 
11/26/2019,$328.92 ,7956239,$335.27 ,$335.50 ,$327.10 
11/25/2019,$336.34 ,12345770,$344.32 ,$344.57 ,$334.46 
11/22/2019,$333.04 ,16870640,$340.16 ,$341 ,$330 
11/21/2019,$354.83 ,6110013,$354.51 ,$360.84 ,$354.00 
11/20/2019,$352.22 ,6733965,$360 ,$361.20 ,$349.57 
11/19/2019,$359.52 ,7736078,$351.75 ,$359.99 ,$347.80 
11/18/2019,$349.99 ,4408505,$352.92 ,$353.15 ,$346.10 
11/15/2019,$352.17 ,4812563,$350.64 ,$352.80 ,$348.36 
11/14/2019,$349.35 ,6471703,$346.11 ,$353.84 ,$342.91 
11/13/2019,$346.11 ,8467863,$355 ,$356.33 ,$345.18 
11/12/2019,$349.93 ,7359383,$346.90 ,$350.37 ,$344.04 
11/11/2019,$345.09 ,9993689,$343.95 ,$349.19 ,$342 
11/8/2019,$337.14 ,6074221,$334.50 ,$337.46 ,$332.50 
11/7/2019,$335.54 ,14467350,$329.14 ,$341.50 ,$328.02 
11/6/2019,$326.58 ,7940932,$318 ,$326.72 ,$314.50 
11/5/2019,$317.22 ,6943417,$319.62 ,$323.51 ,$316.12 
11/4/2019,$317.47 ,8787040,$314.80 ,$321.94 ,$309.26 
11/1/2019,$313.31 ,6383929,$316.32 ,$316.48 ,$309.80 
10/31/2019,$314.92 ,5066956,$313.10 ,$319 ,$313 
10/30/2019,$315.01 ,9641810,$313 ,$318.79 ,$309.97 
10/29/2019,$316.22 ,12684270,$319.99 ,$324.30 ,$314.75 
10/28/2019,$327.71 ,18870290,$327.54 ,$340.84 ,$322.60 
10/25/2019,$328.13 ,30006090,$297.72 ,$330 ,$296.11 
10/24/2019,$299.68 ,29819230,$298.37 ,$304.93 ,$289.20 
10/23/2019,$254.68 ,11216180,$254.50 ,$256.14 ,$251.35 
10/22/2019,$255.58 ,4625095,$254.32 ,$258.33 ,$250.85 
10/21/2019,$253.50 ,5108101,$258.33 ,$259.50 ,$250.18 
10/18/2019,$256.95 ,5753666,$260.70 ,$262.80 ,$255.10 
10/17/2019,$261.97 ,4779043,$262.50 ,$264.78 ,$260.17 
10/16/2019,$259.75 ,6704303,$257.39 ,$262.10 ,$256.92 
10/15/2019,$257.89 ,6479456,$257.70 ,$260 ,$254.12 
10/14/2019,$256.96 ,10226860,$247.90 ,$258.55 ,$247.13 
10/11/2019,$247.89 ,8488159,$247.15 ,$251.08 ,$246.81 
10/10/2019,$244.74 ,6313417,$245.28 ,$249.28 ,$241.58 
10/9/2019,$244.53 ,6935033,$241.32 ,$247.30 ,$240.65 
10/8/2019,$240.05 ,8702338,$235.87 ,$243.94 ,$234.50 
10/7/2019,$237.72 ,8086957,$229.80 ,$238.56 ,$228.55 
10/4/2019,$231.43 ,8021180,$231.61 ,$234.78 ,$228.07 
10/3/2019,$233.03 ,15137760,$231.86 ,$234.48 ,$224.28 
10/2/2019,$243.13 ,6256548,$243.29 ,$244.65 ,$239.43 
10/1/2019,$244.69 ,6196290,$241.50 ,$245.95 ,$239.13 
9/30/2019,$240.87 ,5946161,$243 ,$243.98 ,$236.11 
9/27/2019,$242.13 ,11123180,$242.20 ,$248.71 ,$238.73 
9/26/2019,$242.56 ,12078790,$230.66 ,$243.31 ,$227.40 
9/25/2019,$228.70 ,9444286,$224.56 ,$228.98 ,$218.36 
9/24/2019,$223.21 ,12941110,$241.52 ,$241.99 ,$222.61 
9/23/2019,$241.23 ,4391630,$240 ,$245.18 ,$239.22 
9/20/2019,$240.62 ,6506264,$246.49 ,$246.95 ,$238.16 
9/19/2019,$246.60 ,4883135,$246 ,$247.94 ,$244.84 
9/18/2019,$243.49 ,4228103,$245 ,$248.17 ,$242.37 
9/17/2019,$244.79 ,3946909,$242.47 ,$245.60 ,$240.37 
9/16/2019,$242.81 ,4728096,$246 ,$247.43 ,$241.17 
9/13/2019,$245.20 ,5313145,$246.96 ,$248.45 ,$244.87 
9/12/2019,$245.87 ,8581210,$247.70 ,$253.50 ,$244.40 
9/11/2019,$247.10 ,10042780,$237.38 ,$248.17 ,$236 
9/10/2019,$235.54 ,4883714,$230.80 ,$235.54 ,$228.94 
9/9/2019,$231.79 ,4802669,$230 ,$233.76 ,$229.23 
9/6/2019,$227.45 ,4189372,$227.20 ,$229.64 ,$225.17 
9/5/2019,$229.58 ,7403322,$222.50 ,$229.80 ,$220.85 
9/4/2019,$220.68 ,5768696,$226.89 ,$228.46 ,$219.21 
9/3/2019,$225.01 ,5360546,$224.08 ,$228.95 ,$223.16 
8/30/2019,$225.61 ,9327775,$229.15 ,$232.44 ,$224.21 
8/29/2019,$221.71 ,5183104,$219 ,$223.40 ,$218 
8/28/2019,$215.59 ,3238625,$213.69 ,$217.25 ,$212.31 
8/27/2019,$214.08 ,5420727,$215.74 ,$218.80 ,$212.03 
8/26/2019,$215 ,5054414,$213.60 ,$215.02 ,$211.54 
8/23/2019,$211.40 ,8559704,$219.97 ,$221.17 ,$211 
8/22/2019,$222.15 ,6564964,$222.80 ,$225.40 ,$218.22 
8/21/2019,$220.83 ,7799744,$222.01 ,$223.22 ,$217.60 
8/20/2019,$225.86 ,4170527,$227.62 ,$229.09 ,$224.54 
8/19/2019,$226.83 ,5311748,$224.21 ,$227.83 ,$221.70 
8/16/2019,$219.94 ,5207376,$216.66 ,$222.24 ,$216.02 
8/15/2019,$215.64 ,8231952,$220.86 ,$221.56 ,$211.55 
8/14/2019,$219.62 ,9562591,$231.21 ,$231.50 ,$216.69 
8/13/2019,$235 ,4868998,$228.81 ,$236 ,$227.55 
8/12/2019,$229.01 ,4663937,$232.99 ,$235.77 ,$228.75 
8/9/2019,$235.01 ,3898244,$236.05 ,$238.96 ,$233.81 
8/8/2019,$238.30 ,5274349,$234.45 ,$239.80 ,$232.65 
8/7/2019,$233.42 ,4776500,$226.50 ,$233.57 ,$225.80 
8/6/2019,$230.75 ,5564200,$231.88 ,$232.50 ,$225.75 
8/5/2019,$228.32 ,7028279,$229.60 ,$231.37 ,$225.78 
8/2/2019,$234.34 ,6136481,$231.35 ,$236.27 ,$229.23 
8/1/2019,$233.85 ,8259516,$242.65 ,$244.51 ,$231.77 
7/31/2019,$241.61 ,9178208,$243 ,$246.68 ,$236.65 
7/30/2019,$242.26 ,8109014,$232.90 ,$243.36 ,$232.18 
7/29/2019,$235.77 ,9273331,$227.09 ,$235.94 ,$226.03 
7/26/2019,$228.04 ,10027700,$226.92 ,$230.26 ,$222.25 
7/25/2019,$228.82 ,22418250,$233.50 ,$234.50 ,$225.55 
7/24/2019,$264.88 ,11072840,$259.17 ,$266.07 ,$258.16 
7/23/2019,$260.17 ,5023121,$256.71 ,$260.48 ,$254.50 
7/22/2019,$255.68 ,6846273,$258.75 ,$262.16 ,$254.19 
7/19/2019,$258.18 ,7048410,$255.69 ,$259.96 ,$254.62 
7/18/2019,$253.54 ,4764483,$255.05 ,$255.75 ,$251.89 
7/17/2019,$254.86 ,9764727,$255.67 ,$258.31 ,$253.35 
7/16/2019,$252.38 ,8148989,$249.30 ,$253.53 ,$247.93 
7/15/2019,$253.50 ,11000090,$248 ,$254.42 ,$244.86 
7/12/2019,$245.08 ,9200521,$239.75 ,$245.38 ,$239.71 
7/11/2019,$238.60 ,7514430,$238.14 ,$241.50 ,$235.80 
7/10/2019,$238.92 ,9145736,$234.15 ,$238.94 ,$233.14 
7/9/2019,$230.06 ,6190835,$228.97 ,$231 ,$227.28 
7/8/2019,$230.34 ,5880542,$231.24 ,$232.25 ,$228.66 
7/5/2019,$233.10 ,7065738,$234.57 ,$235.45 ,$230.80 
7/3/2019,$234.90 ,14201150,$239.39 ,$241.57 ,$234.51 
7/2/2019,$224.55 ,9259027,$228.89 ,$229.15 ,$222.22 
7/1/2019,$227.17 ,8237964,$230.21 ,$233.10 ,$226.28 
6/28/2019,$223.46 ,6851384,$220.99 ,$225.17 ,$220.80 
6/27/2019,$222.84 ,6339710,$219.45 ,$222.90 ,$217.35 
6/26/2019,$219.27 ,8507208,$220.31 ,$227.23 ,$218.10 
6/25/2019,$219.76 ,6182071,$224.39 ,$225.34 ,$219.49 
6/24/2019,$223.64 ,5750771,$223.24 ,$225.86 ,$221.02 
6/21/2019,$221.86 ,8202078,$216.22 ,$222.18 ,$215.50 
6/20/2019,$219.62 ,11863460,$223 ,$226.90 ,$216.35 
6/19/2019,$226.43 ,6575135,$225.11 ,$227.77 ,$221.06 
6/18/2019,$224.74 ,12715790,$228.72 ,$234.74 ,$222.56 
6/17/2019,$225.03 ,12316800,$215.48 ,$227 ,$214.27 
6/14/2019,$214.92 ,7433402,$211.25 ,$216.65 ,$210.40 
6/13/2019,$213.91 ,8168260,$210.38 ,$214.90 ,$207.51 
6/12/2019,$209.26 ,15197540,$222.95 ,$223.38 ,$209 
6/11/2019,$217.10 ,11653540,$219.14 ,$220.90 ,$213.50 
6/10/2019,$212.88 ,10585040,$210.25 ,$216.94 ,$209.01 
6/7/2019,$204.50 ,16003530,$205 ,$210.84 ,$203.50 
6/6/2019,$205.95 ,20242150,$204.44 ,$211 ,$201.80 
6/5/2019,$196.59 ,13510760,$198.68 ,$201.28 ,$191.85 
6/4/2019,$193.60 ,13807520,$181.10 ,$193.98 ,$179.61 
6/3/2019,$178.97 ,13064410,$185.51 ,$186.68 ,$176.99 
5/31/2019,$185.16 ,10406730,$185.10 ,$189.92 ,$184.10 
5/30/2019,$188.22 ,7926475,$188.75 ,$192.26 ,$187.02 
5/29/2019,$189.86 ,11968640,$187.10 ,$192.39 ,$185.04 
5/28/2019,$188.70 ,10312900,$191.20 ,$195 ,$187.85 
5/24/2019,$190.63 ,14136570,$199.83 ,$199.98 ,$188.75 
5/23/2019,$195.49 ,26547140,$194.34 ,$199.47 ,$186.22 
5/22/2019,$192.73 ,18685190,$199.10 ,$203.94 ,$191.78 
5/21/2019,$205.08 ,18003900,$197.76 ,$207.40 ,$196.04 
5/20/2019,$205.36 ,20526200,$202.80 ,$206 ,$195.25 
5/17/2019,$211.03 ,17786670,$221.96 ,$222.24 ,$208.92 
5/16/2019,$228.33 ,7483273,$229.49 ,$231 ,$226.50 
5/15/2019,$231.95 ,7295976,$229.32 ,$232.44 ,$225.25 
5/14/2019,$232.31 ,7252412,$229.30 ,$234.50 ,$228 
5/13/2019,$227.01 ,10834800,$232.01 ,$232.47 ,$224.50 
5/10/2019,$239.52 ,7008336,$239.75 ,$241.99 ,$236.02 
5/9/2019,$241.98 ,6711382,$242 ,$243.68 ,$236.94 
5/8/2019,$244.84 ,6176440,$246.94 ,$250.60 ,$244.20 
5/7/2019,$247.06 ,10131410,$256.80 ,$257.21 ,$245.10 
5/6/2019,$255.34 ,10833940,$250.02 ,$258.35 ,$248.50 
5/3/2019,$255.03 ,23706770,$243.86 ,$256.61 ,$243.49 
5/2/2019,$244.10 ,18159340,$245.52 ,$247.13 ,$237.72 
5/1/2019,$234.01 ,10704350,$238.85 ,$240 ,$231.50 
4/30/2019,$238.69 ,9446965,$242.06 ,$244.21 ,$237 
4/29/2019,$241.47 ,16686620,$235.86 ,$243.98 ,$232.17 
4/26/2019,$235.14 ,22151160,$246.50 ,$246.68 ,$231.13 
4/25/2019,$247.63 ,21823380,$255 ,$259 ,$246.07 
4/24/2019,$258.66 ,9657061,$263.85 ,$265.32 ,$258 
4/23/2019,$263.90 ,10909350,$260.15 ,$265.60 ,$255.75 
4/22/2019,$262.75 ,12101690,$269 ,$269.68 ,$262.48 
4/18/2019,$273.26 ,5861478,$271.23 ,$274.84 ,$269.75 
4/17/2019,$271.23 ,5118011,$274.75 ,$274.79 ,$268.54 
4/16/2019,$273.36 ,7266504,$265.75 ,$275 ,$264.72 
4/15/2019,$266.38 ,10032490,$268.63 ,$268.88 ,$258.63 
4/12/2019,$267.70 ,6735386,$270.22 ,$271.95 ,$266.83 
4/11/2019,$268.42 ,9781294,$268.30 ,$270.50 ,$265.60 
4/10/2019,$276.06 ,7045034,$276.74 ,$278.38 ,$272.89 
4/9/2019,$272.31 ,5893247,$271.65 ,$275 ,$269.61 
4/8/2019,$273.20 ,10364600,$277.69 ,$281.16 ,$270.44 
4/5/2019,$274.96 ,13022740,$269.86 ,$276.10 ,$266.11 
4/4/2019,$267.78 ,23680170,$261.89 ,$271.20 ,$260.59 
4/3/2019,$291.81 ,7916650,$287.32 ,$296.17 ,$287.17 
4/2/2019,$285.88 ,5427184,$288.30 ,$289.44 ,$283.88 
4/1/2019,$289.18 ,8093134,$282.62 ,$289.20 ,$281.28 
3/29/2019,$279.86 ,5980355,$278.70 ,$280.16 ,$274.50 
3/28/2019,$278.62 ,6764921,$277.16 ,$280.33 ,$275.10 
3/27/2019,$274.83 ,8752384,$268.75 ,$275.37 ,$268.18 
3/26/2019,$267.77 ,7341868,$264.44 ,$270.26 ,$264.43 
3/25/2019,$260.42 ,10205080,$259.71 ,$263.18 ,$254.46 
3/22/2019,$264.53 ,8721950,$272.58 ,$272.80 ,$264 
3/21/2019,$274.02 ,5930925,$272.60 ,$276.45 ,$268.45 
3/20/2019,$273.60 ,6881976,$269.69 ,$274.97 ,$266.30 
3/19/2019,$267.47 ,11774330,$267.50 ,$273.30 ,$263.46 
3/18/2019,$269.49 ,10264960,$276 ,$278.05 ,$267.30 
3/15/2019,$275.43 ,14757360,$283.51 ,$283.72 ,$274.40 
3/14/2019,$289.96 ,7048138,$292.45 ,$295.39 ,$288.29 
3/13/2019,$288.96 ,6817854,$283.90 ,$291.99 ,$282.70 
3/12/2019,$283.36 ,7488037,$286.49 ,$288.07 ,$281.06 
3/11/2019,$290.92 ,7372298,$283.52 ,$291.28 ,$280.50 
3/8/2019,$284.14 ,8805772,$276.91 ,$285.59 ,$275.89 
3/7/2019,$276.59 ,9410697,$278.84 ,$284.70 ,$274.25 
3/6/2019,$276.24 ,10319370,$276.48 ,$281.51 ,$274.39 
3/5/2019,$276.54 ,18729800,$282 ,$284 ,$270.10 
3/4/2019,$285.36 ,17068890,$298.12 ,$299 ,$282.78 
3/1/2019,$294.79 ,22848750,$306.94 ,$307.13 ,$291.90 
2/28/2019,$319.88 ,9666224,$318.92 ,$320 ,$310.81 
2/27/2019,$314.74 ,11144100,$301.78 ,$316.30 ,$300.55 
2/26/2019,$297.86 ,8571609,$292.22 ,$302.01 ,$288.77 
2/25/2019,$298.77 ,6213701,$297.91 ,$302.90 ,$297.00 
2/22/2019,$294.71 ,5731380,$294.49 ,$296.50 ,$292.10 
2/21/2019,$291.23 ,8880830,$301.81 ,$303.24 ,$290.50 
2/20/2019,$302.56 ,7132969,$304.41 ,$306.30 ,$299 
2/19/2019,$305.64 ,4120520,$306.56 ,$311.54 ,$305.47 
2/15/2019,$307.88 ,3895815,$304.50 ,$308 ,$303.90 
2/14/2019,$303.77 ,5190887,$303.38 ,$306.77 ,$301 
2/13/2019,$308.17 ,5130398,$312.35 ,$312.75 ,$305.57 
2/12/2019,$311.81 ,5485419,$316.20 ,$318.19 ,$309.62 
2/11/2019,$312.84 ,7114012,$311.60 ,$318.60 ,$310.50 
2/8/2019,$305.80 ,5835078,$306.83 ,$307.45 ,$298.50 
2/7/2019,$307.51 ,6511830,$313.30 ,$314.70 ,$303 
2/6/2019,$317.22 ,5031368,$319.59 ,$324.24 ,$315.62 
2/5/2019,$321.35 ,6734739,$312.49 ,$322.44 ,$312.25 
2/4/2019,$312.89 ,7344076,$312.98 ,$315.30 ,$301.88 
2/1/2019,$312.21 ,7263618,$305.42 ,$316.10 ,$303.50 
1/31/2019,$307.02 ,12545190,$301 ,$311.56 ,$294 
1/30/2019,$308.77 ,10594040,$300.45 ,$309 ,$298.49 
1/29/2019,$297.46 ,4602933,$295.27 ,$298.56 ,$291.80 
1/28/2019,$296.38 ,6409477,$292.91 ,$297.46 ,$287.75 
1/25/2019,$297.04 ,7102781,$294.39 ,$298.52 ,$289.55 
1/24/2019,$291.51 ,7990911,$283.03 ,$293.68 ,$279.28 
1/23/2019,$287.59 ,12513080,$292.50 ,$294.50 ,$281.69 
1/22/2019,$298.92 ,12052130,$304.82 ,$308 ,$295.50 
1/18/2019,$302.26 ,24079260,$323 ,$327.13 ,$299.73 
1/17/2019,$347.31 ,3661162,$346.21 ,$351.50 ,$344.15 
1/16/2019,$346.05 ,4677227,$344.78 ,$352 ,$343.50 
1/15/2019,$344.43 ,6047890,$335 ,$348.80 ,$334.50 
1/14/2019,$334.40 ,5232690,$342.38 ,$342.50 ,$334 
1/11/2019,$347.26 ,5035078,$342.09 ,$348.41 ,$338.77 
1/10/2019,$344.97 ,6049621,$334.40 ,$345.39 ,$331.79 
1/9/2019,$338.53 ,5426618,$335.50 ,$343.50 ,$331.47 
1/8/2019,$335.35 ,6994427,$341.96 ,$344.01 ,$327.02 
1/7/2019,$334.96 ,7542338,$321.72 ,$336.74 ,$317.75 
1/4/2019,$317.69 ,7382755,$306 ,$318 ,$302.73 
1/3/2019,$300.36 ,6948577,$307 ,$309.40 ,$297.38 
1/2/2019,$310.12 ,11611270,$306.10 ,$315.13 ,$298.80 
12/31/2018,$332.80 ,6294298,$337.79 ,$339.21 ,$325.26 
12/28/2018,$333.87 ,9918777,$323.10 ,$336.24 ,$318.41 
12/27/2018,$316.13 ,8567385,$319.84 ,$322.17 ,$301.50 
12/26/2018,$326.09 ,8143102,$300 ,$326.97 ,$294.09 
12/24/2018,$295.39 ,5559913,$313.50 ,$314.50 ,$295.20 
12/21/2018,$319.77 ,7997219,$317.40 ,$323.47 ,$312.44 
12/20/2018,$315.38 ,9049389,$327.05 ,$330.29 ,$311.87 
12/19/2018,$332.97 ,8256374,$337.60 ,$347.01 ,$329.74 
12/18/2018,$337.03 ,7084887,$350.54 ,$351.55 ,$333.69 
12/17/2018,$348.42 ,7664832,$362 ,$365.70 ,$343.88 
12/14/2018,$365.71 ,6327625,$375 ,$377.87 ,$364.33 
12/13/2018,$376.79 ,7348168,$370.15 ,$377.44 ,$366.75 
12/12/2018,$366.60 ,5019725,$369.42 ,$371.91 ,$365.16 
12/11/2018,$366.76 ,6298472,$369.91 ,$372.17 ,$360.23 
12/10/2018,$365.15 ,6575341,$360 ,$365.98 ,$353.12 
12/7/2018,$357.97 ,11484350,$369 ,$379.49 ,$357.65 
12/6/2018,$363.06 ,7828689,$356.01 ,$367.38 ,$350.76 
12/4/2018,$359.70 ,8430213,$356.05 ,$368.68 ,$352 
12/3/2018,$358.49 ,8295843,$360 ,$366 ,$352 
11/30/2018,$350.48 ,5621104,$341.83 ,$351.60 ,$338.26 
11/29/2018,$341.17 ,3076026,$347 ,$347.50 ,$339.55 
11/28/2018,$347.87 ,4114038,$345.99 ,$348.28 ,$342.21 
11/27/2018,$343.92 ,6347004,$340.05 ,$346.96 ,$335.50 
11/26/2018,$346 ,7973119,$325 ,$346.22 ,$325 
11/23/2018,$325.83 ,4202642,$334.35 ,$337.50 ,$325.55 
11/21/2018,$338.19 ,4677389,$352 ,$353.10 ,$337.40 
11/20/2018,$347.49 ,7991253,$341.75 ,$349.80 ,$333.55 
11/19/2018,$353.47 ,9698559,$356.34 ,$366.75 ,$352.88 
11/16/2018,$354.31 ,7194458,$345.19 ,$355.70 ,$345.12 
11/15/2018,$348.44 ,4600130,$342.33 ,$348.58 ,$339.04 
11/14/2018,$344 ,5032083,$342.70 ,$347.11 ,$337.15 
11/13/2018,$338.73 ,5422756,$333.16 ,$344.70 ,$332.20 
11/12/2018,$331.28 ,6916965,$348.37 ,$349.78 ,$330.34 
11/9/2018,$350.51 ,5093456,$349 ,$354 ,$345.23 
11/8/2018,$351.40 ,7080203,$348.50 ,$357.58 ,$348.44 
11/7/2018,$348.16 ,7366706,$343.34 ,$351.18 ,$340.80 
11/6/2018,$341.06 ,6751930,$339.07 ,$348.80 ,$336.09 
11/5/2018,$341.40 ,7820845,$340.50 ,$343.96 ,$330.14 
11/2/2018,$346.41 ,7799920,$343.74 ,$349.20 ,$340.91 
11/1/2018,$344.28 ,7980946,$338.26 ,$347.84 ,$334.73 
10/31/2018,$337.32 ,7600840,$332.54 ,$342 ,$329.10 
10/30/2018,$329.90 ,9109120,$328.39 ,$337.90 ,$322.26 
10/29/2018,$334.85 ,14455150,$337.47 ,$347.16 ,$326.50 
10/26/2018,$330.90 ,27380220,$308.25 ,$339.90 ,$306.65 
10/25/2018,$314.86 ,20771670,$317.22 ,$321 ,$301.01 
10/24/2018,$288.50 ,19350450,$301.05 ,$304.44 ,$285.73 
10/23/2018,$294.14 ,18956210,$263.87 ,$297.93 ,$262.10 
10/22/2018,$260.95 ,5594855,$260.68 ,$261.86 ,$252.59 
10/19/2018,$260 ,9344764,$267.39 ,$269.66 ,$253.50 
10/18/2018,$263.91 ,5401871,$269.29 ,$271 ,$263 
10/17/2018,$271.78 ,8636949,$282.40 ,$282.70 ,$265.80 
10/16/2018,$276.59 ,9501120,$265.70 ,$277.38 ,$262.24 
10/15/2018,$259.59 ,6189026,$259.06 ,$263.28 ,$254.54 
10/12/2018,$258.78 ,7189257,$261 ,$261.99 ,$252.01 
10/11/2018,$252.23 ,8128184,$257.53 ,$262.25 ,$249.03 
10/10/2018,$256.88 ,12781560,$264.61 ,$265.51 ,$247.77 
10/9/2018,$262.80 ,12037780,$255.25 ,$266.77 ,$253.30 
10/8/2018,$250.56 ,13371180,$264.52 ,$267.76 ,$249 
10/5/2018,$261.95 ,17900710,$274.65 ,$274.88 ,$260 
10/4/2018,$281.83 ,9638885,$293.95 ,$294 ,$277.67 
10/3/2018,$294.80 ,7982272,$303.33 ,$304.60 ,$291.57 
10/2/2018,$301.02 ,11699690,$313.95 ,$316.84 ,$299.15 
10/1/2018,$310.70 ,21714210,$305.77 ,$311.44 ,$301.05 
9/28/2018,$264.77 ,33597290,$270.26 ,$278 ,$260.56 
9/27/2018,$307.52 ,7337760,$312.90 ,$314.96 ,$306.91 
9/26/2018,$309.58 ,7835863,$301.91 ,$313.89 ,$301.11 
9/25/2018,$300.99 ,4472287,$300 ,$304.60 ,$296.50 
9/24/2018,$299.68 ,4834384,$298.48 ,$303.00 ,$293.58 
9/21/2018,$299.10 ,5038497,$297.70 ,$300.58 ,$295.37 
9/20/2018,$298.33 ,7332477,$303.56 ,$305.98 ,$293.33 
9/19/2018,$299.02 ,8264353,$280.51 ,$300 ,$280.50 
9/18/2018,$284.96 ,16494280,$296.69 ,$302.64 ,$275.50 
9/17/2018,$294.84 ,6866208,$290.04 ,$300.87 ,$288.13 
9/14/2018,$295.20 ,6757652,$288.76 ,$297.33 ,$286.52 
9/13/2018,$289.46 ,6333281,$288.02 ,$295 ,$285.18 
9/12/2018,$290.54 ,10002150,$281.44 ,$292.50 ,$278.65 
9/11/2018,$279.44 ,9161061,$279.47 ,$282 ,$273.55 
9/10/2018,$285.50 ,14232250,$273.26 ,$286.03 ,$271 
9/7/2018,$263.24 ,22442310,$260.10 ,$268.35 ,$252.25 
9/6/2018,$280.95 ,7472756,$284.80 ,$291.17 ,$278.88 
9/5/2018,$280.74 ,7707342,$285.05 ,$286.78 ,$277.18 
9/4/2018,$288.95 ,8304571,$296.94 ,$298.19 ,$288 
8/31/2018,$301.66 ,5367048,$302 ,$305.31 ,$298.60 
8/30/2018,$303.15 ,7210625,$302.26 ,$304.60 ,$297.72 
8/29/2018,$305.01 ,7410538,$310.27 ,$311.85 ,$303.69 
8/28/2018,$311.86 ,7639453,$318.41 ,$318.88 ,$311.19 
8/27/2018,$319.27 ,13062650,$318 ,$322.44 ,$308.81 
8/24/2018,$322.82 ,3592734,$320.70 ,$323.85 ,$319.40 
8/23/2018,$320.10 ,5138685,$319.14 ,$327.32 ,$318.10 
8/22/2018,$321.64 ,5935853,$320.87 ,$323.88 ,$314.67 
8/21/2018,$321.90 ,13147770,$310.61 ,$324.79 ,$309 
8/20/2018,$308.44 ,17380430,$291.70 ,$308.50 ,$288.20 
8/17/2018,$305.50 ,18895880,$323.50 ,$326.77 ,$303.53 
8/16/2018,$335.45 ,6045392,$339.91 ,$342.28 ,$333.82 
8/15/2018,$338.69 ,9073033,$341.91 ,$344.49 ,$332.14 
8/14/2018,$347.64 ,6948511,$358.45 ,$359.20 ,$347.10 
8/13/2018,$356.41 ,10444920,$361.13 ,$363.19 ,$349.02 
8/10/2018,$355.49 ,11530510,$354 ,$360 ,$346 
8/9/2018,$352.45 ,16951800,$365.55 ,$367.01 ,$345.73 
8/8/2018,$370.34 ,24535420,$369.09 ,$382.64 ,$367.12 
8/7/2018,$379.57 ,30596400,$343.84 ,$387.46 ,$339.15 
8/6/2018,$341.99 ,8536766,$345.46 ,$354.98 ,$341.82 
8/3/2018,$348.17 ,13646640,$347.81 ,$355 ,$342.53 
8/2/2018,$349.54 ,23159160,$328.44 ,$349.99 ,$323.16 
8/1/2018,$300.84 ,8768099,$297.99 ,$303 ,$293 
7/31/2018,$298.14 ,5055094,$292.25 ,$298.32 ,$289.07 
7/30/2018,$290.17 ,6799581,$295.90 ,$296.10 ,$286.13 
7/27/2018,$297.18 ,5694690,$307.25 ,$307.69 ,$295.34 
7/26/2018,$306.65 ,4619567,$304.85 ,$310.70 ,$303.64 
7/25/2018,$308.74 ,7031382,$296.74 ,$309.62 ,$294.50 
7/24/2018,$297.43 ,9586186,$304.42 ,$307.72 ,$292.55 
7/23/2018,$303.20 ,10974820,$301.84 ,$305.50 ,$292.86 
7/20/2018,$313.58 ,5159831,$321.23 ,$323.24 ,$311.71 
7/19/2018,$320.23 ,5907116,$316.33 ,$323.54 ,$314.01 
7/18/2018,$323.85 ,5610085,$325 ,$325.50 ,$316.25 
7/17/2018,$322.69 ,6987782,$308.81 ,$324.74 ,$308.50 
7/16/2018,$310.10 ,7800454,$311.71 ,$315.16 ,$306.25 
7/13/2018,$318.87 ,5866776,$315.58 ,$319.58 ,$309.25 
7/12/2018,$316.71 ,5711851,$321.43 ,$323.23 ,$312.77 
7/11/2018,$318.96 ,4878595,$315.80 ,$321.94 ,$315.07 
7/10/2018,$322.47 ,9437557,$324.56 ,$327.68 ,$319.20 
7/9/2018,$318.51 ,7579541,$311.99 ,$318.52 ,$308 
7/6/2018,$308.90 ,8860198,$304.96 ,$312.07 ,$302 
7/5/2018,$309.16 ,17457570,$313.76 ,$314.39 ,$296.22 
7/3/2018,$310.86 ,12282640,$331.75 ,$332.49 ,$309.69 
7/2/2018,$335.07 ,18732710,$360.07 ,$364.78 ,$329.85 
6/29/2018,$342.95 ,6475903,$353.33 ,$353.86 ,$342.41 
6/28/2018,$349.93 ,8388172,$348.66 ,$357.02 ,$346.11 
6/27/2018,$344.50 ,8313817,$345 ,$350.79 ,$339.50 
6/26/2018,$342 ,7434749,$336.05 ,$343.55 ,$325.80 
6/25/2018,$333.01 ,6925089,$330.12 ,$338.47 ,$327.50 
6/22/2018,$333.63 ,10253770,$351.54 ,$352.25 ,$332 
6/21/2018,$347.51 ,7949846,$362 ,$366.21 ,$346.27 
6/20/2018,$362.22 ,8370268,$358.04 ,$364.38 ,$352 
6/19/2018,$352.55 ,12734840,$365.16 ,$370 ,$346.25 
6/18/2018,$370.83 ,12025450,$355.40 ,$373.73 ,$354.50 
6/15/2018,$358.17 ,10827560,$353.84 ,$364.67 ,$351.25 
6/14/2018,$357.72 ,10961150,$347.63 ,$358.75 ,$346.60 
6/13/2018,$344.78 ,9401467,$346.71 ,$347.20 ,$339.80 
6/12/2018,$342.77 ,22256430,$344.70 ,$354.97 ,$338 
6/11/2018,$332.10 ,13166050,$322.51 ,$334.66 ,$322.50 
6/8/2018,$317.66 ,8192175,$319 ,$324.48 ,$317.15 
6/7/2018,$316.09 ,14336110,$316.15 ,$330 ,$313.58 
6/6/2018,$319.50 ,18742400,$300.50 ,$322.17 ,$297.48 
6/5/2018,$291.13 ,5877873,$297.70 ,$297.80 ,$286.74 
6/4/2018,$296.74 ,4793787,$294.34 ,$299 ,$293.55 
6/1/2018,$291.82 ,5417984,$285.86 ,$291.95 ,$283.84 
5/31/2018,$284.73 ,5912825,$287.21 ,$290.37 ,$282.93 
5/30/2018,$291.72 ,7473590,$283.29 ,$295.01 ,$281.60 
5/29/2018,$283.76 ,5657153,$278.51 ,$286.50 ,$276.15 
5/25/2018,$278.85 ,3872621,$277.63 ,$279.64 ,$275.61 
5/24/2018,$277.85 ,4170789,$278.40 ,$281.11 ,$274.89 
5/23/2018,$279.07 ,5972237,$277.76 ,$279.91 ,$274 
5/22/2018,$275.01 ,8938501,$287.76 ,$288 ,$273.42 
5/21/2018,$284.49 ,9167844,$281.33 ,$291.49 ,$281.30 
5/18/2018,$276.82 ,7243699,$284.65 ,$284.65 ,$274 
5/17/2018,$284.54 ,4418258,$285.90 ,$289.19 ,$283.97 
5/16/2018,$286.48 ,5669644,$283.83 ,$288.81 ,$281.56 
5/15/2018,$284.18 ,9509753,$285.01 ,$286.96 ,$280.50 
5/14/2018,$291.97 ,7265501,$303.32 ,$304.94 ,$291.62 
5/11/2018,$301.06 ,4665321,$307.70 ,$308.88 ,$299.08 
5/10/2018,$305.02 ,5642771,$307.50 ,$312.99 ,$304.11 
5/9/2018,$306.85 ,5712255,$300.41 ,$307.01 ,$300.05 
5/8/2018,$301.97 ,5927447,$300.80 ,$307.75 ,$299 
5/7/2018,$302.77 ,8673090,$297.50 ,$305.96 ,$295.17 
5/4/2018,$294.09 ,8565506,$283 ,$296.86 ,$279.52 
5/3/2018,$284.45 ,17339090,$278.79 ,$288.04 ,$275.23 
5/2/2018,$301.15 ,8346176,$298.57 ,$306.85 ,$297.78 
5/1/2018,$299.92 ,4614946,$293.51 ,$300.82 ,$293.22 
4/30/2018,$293.90 ,4224068,$293.61 ,$298.73 ,$292.50 
4/27/2018,$294.08 ,4346854,$285.37 ,$294.47 ,$283.83 
4/26/2018,$285.48 ,4348108,$278.75 ,$285.79 ,$276.50 
4/25/2018,$280.69 ,4000421,$283.50 ,$285.16 ,$277.25 
4/24/2018,$283.46 ,5678242,$285 ,$287.09 ,$278.46 
4/23/2018,$283.37 ,4880743,$291.29 ,$291.62 ,$282.33 
4/20/2018,$290.24 ,5622630,$295.17 ,$299.98 ,$289.75 
4/19/2018,$300.08 ,6083800,$291.08 ,$301.01 ,$288.55 
4/18/2018,$293.35 ,6531563,$291.08 ,$300.24 ,$288.16 
4/17/2018,$287.69 ,6931152,$288.87 ,$292.17 ,$282.51 
4/16/2018,$291.21 ,6289497,$299 ,$299.66 ,$289.01 
4/13/2018,$300.34 ,7319225,$303.60 ,$303.95 ,$295.98 
4/12/2018,$294.08 ,7595525,$302.32 ,$303.95 ,$293.68 
4/11/2018,$300.93 ,7470204,$300.74 ,$308.98 ,$299.66 
4/10/2018,$304.70 ,11017010,$298.97 ,$307.10 ,$293.68 
4/9/2018,$289.66 ,10241410,$300.37 ,$309.50 ,$289.21 
4/6/2018,$299.30 ,13516530,$301 ,$309.28 ,$295.50 
4/5/2018,$305.72 ,19025860,$289.34 ,$306.26 ,$288.20 
4/4/2018,$286.94 ,19880180,$252.78 ,$288.37 ,$252 
4/3/2018,$267.53 ,18829650,$269.82 ,$273.35 ,$254.49 
4/2/2018,$252.48 ,16093290,$256.26 ,$260.33 ,$244.59 
3/29/2018,$266.13 ,15014440,$256.49 ,$270.96 ,$248.21 
3/28/2018,$257.78 ,20962280,$264.58 ,$268.68 ,$252.10 
3/27/2018,$279.18 ,13787060,$304 ,$304.27 ,$277.18 
3/26/2018,$304.18 ,8364937,$307.34 ,$307.59 ,$291.36 
3/23/2018,$301.54 ,6639960,$311.25 ,$311.61 ,$300.45 
3/22/2018,$309.10 ,4924928,$313.89 ,$318.82 ,$308.18 
3/21/2018,$316.53 ,5954247,$310.25 ,$322.44 ,$310.19 
3/20/2018,$310.55 ,4761031,$314.87 ,$316.25 ,$308.76 
3/19/2018,$313.56 ,7467890,$316.50 ,$320.75 ,$309.67 
3/16/2018,$321.35 ,6113365,$325.96 ,$327.40 ,$319.07 
3/15/2018,$325.60 ,6554568,$329.38 ,$332.85 ,$321.10 
3/14/2018,$326.63 ,7952152,$336.76 ,$339.81 ,$323.93 
3/13/2018,$341.84 ,5960636,$344.92 ,$345.12 ,$336.26 
3/12/2018,$345.51 ,8252919,$328.61 ,$347.21 ,$326.50 
3/9/2018,$327.17 ,5502779,$324.10 ,$328.49 ,$322.37 
3/8/2018,$329.10 ,3514367,$332.86 ,$333.30 ,$326.27 
3/7/2018,$332.30 ,5001940,$325.44 ,$332.50 ,$321.74 
3/6/2018,$328.20 ,4236483,$333.75 ,$336.37 ,$327.03 
3/5/2018,$333.35 ,3820702,$332.39 ,$337.75 ,$329.29 
3/2/2018,$335.12 ,5088789,$326.98 ,$335.22 ,$322.97 
3/1/2018,$330.93 ,6872552,$345.01 ,$348.67 ,$330.07 
2/28/2018,$343.06 ,6066044,$352.57 ,$355.24 ,$342.22 
2/27/2018,$350.99 ,4785022,$356.25 ,$359.99 ,$350.01 
2/26/2018,$357.42 ,4334500,$353.50 ,$359 ,$352.36 
2/23/2018,$352.05 ,5814177,$347.83 ,$354.99 ,$347.10 
2/22/2018,$346.17 ,6961880,$335.53 ,$347.44 ,$334.75 
2/21/2018,$333.30 ,3207250,$336.03 ,$339.69 ,$333.17 
2/20/2018,$334.77 ,4005962,$334.47 ,$340.84 ,$331.50 
2/16/2018,$335.49 ,5640184,$332.50 ,$343.12 ,$331.64 
2/15/2018,$334.07 ,5909823,$324.50 ,$334.12 ,$322.40 
2/14/2018,$322.31 ,3948077,$320.84 ,$326.17 ,$318.52 
2/13/2018,$323.66 ,4554631,$315.02 ,$324.19 ,$312.51 
2/12/2018,$315.73 ,6224479,$316.13 ,$318.08 ,$306.25 
2/9/2018,$310.42 ,12924430,$319.93 ,$320.98 ,$294.76 
2/8/2018,$315.23 ,10296420,$343.31 ,$348.62 ,$314.60 
2/7/2018,$345 ,6729682,$338.99 ,$346 ,$335.66 
2/6/2018,$333.97 ,5080032,$325.21 ,$336.22 ,$323.50 
2/5/2018,$333.13 ,4441166,$337.97 ,$344.47 ,$333 
2/2/2018,$343.75 ,3696157,$348.44 ,$351.95 ,$340.51 
2/1/2018,$349.25 ,4187440,$351 ,$359.66 ,$348.63 
1/31/2018,$354.31 ,6199373,$347.51 ,$356.19 ,$345.19 
1/30/2018,$345.82 ,4710684,$345.14 ,$348.27 ,$342.17 
1/29/2018,$349.53 ,4738208,$339.85 ,$350.85 ,$338.28 
1/26/2018,$342.85 ,4535457,$341.50 ,$344 ,$335.71 
1/25/2018,$337.64 ,6725208,$348.27 ,$349.20 ,$336.40 
1/24/2018,$345.89 ,5277386,$354.58 ,$354.75 ,$343.52 
1/23/2018,$352.79 ,5447622,$360 ,$360.50 ,$351 
1/22/2018,$351.56 ,6199777,$349.40 ,$357.83 ,$349.20 
1/19/2018,$350.02 ,4871181,$345 ,$350.59 ,$342.60 
1/18/2018,$344.57 ,5679629,$345.67 ,$352.30 ,$343.74 
1/17/2018,$347.16 ,7092554,$340.47 ,$349 ,$339.75 
1/16/2018,$340.06 ,6429234,$337.54 ,$345 ,$334.80 
1/12/2018,$336.22 ,4822509,$338.63 ,$340.41 ,$333.67 
1/11/2018,$337.95 ,6640863,$335.24 ,$344.81 ,$333.26 
1/10/2018,$334.80 ,4303053,$332.20 ,$337 ,$330 
1/9/2018,$333.69 ,7134525,$335.16 ,$338.80 ,$327.41 
1/8/2018,$336.41 ,9832610,$316 ,$337.02 ,$315.50 
1/5/2018,$316.58 ,4588728,$316.62 ,$317.24 ,$312 
1/4/2018,$314.62 ,9944593,$312.87 ,$318.55 ,$305.68 
1/3/2018,$317.25 ,4438520,$321 ,$325.25 ,$315.55 
1/2/2018,$320.53 ,4345615,$312 ,$322.11 ,$311 
12/29/2017,$311.35 ,3769504,$316.18 ,$316.41 ,$310 
12/28/2017,$315.36 ,4306746,$311.75 ,$315.82 ,$309.54 
12/27/2017,$311.64 ,4705084,$316 ,$317.68 ,$310.75 
12/26/2017,$317.29 ,4368699,$323.83 ,$323.94 ,$316.58 
12/22/2017,$325.20 ,4207602,$329.51 ,$330.92 ,$324.82 
12/21/2017,$331.66 ,4369994,$329.59 ,$333.74 ,$327.21 
12/20/2017,$328.98 ,5907378,$332.69 ,$333.10 ,$325.04 
12/19/2017,$331.10 ,6820868,$340.26 ,$341.49 ,$330.30 
12/18/2017,$338.87 ,5466546,$344.90 ,$346.73 ,$337.58 
12/15/2017,$343.45 ,6921246,$342.04 ,$343.90 ,$335.76 
12/14/2017,$337.89 ,5792024,$341.01 ,$347.44 ,$336.90 
12/13/2017,$339.03 ,6217701,$340.93 ,$344.22 ,$336.50 
12/12/2017,$341.03 ,8715570,$330.45 ,$341.44 ,$330.03 
12/11/2017,$328.91 ,7926090,$314.63 ,$329.01 ,$313.75 
12/8/2017,$315.13 ,3466088,$314.60 ,$316.98 ,$311.26 
12/7/2017,$311.24 ,4779590,$312 ,$318.63 ,$311.05 
12/6/2017,$313.26 ,7184477,$300.10 ,$313.39 ,$300 
12/5/2017,$303.70 ,4643708,$302 ,$308 ,$301 
12/4/2017,$305.20 ,5834227,$306.50 ,$308.27 ,$300.61 
12/1/2017,$306.53 ,4286082,$305.44 ,$310.32 ,$305.05 
11/30/2017,$308.85 ,4345434,$308.56 ,$310.70 ,$304.54 
11/29/2017,$307.54 ,8757463,$317.30 ,$318 ,$301.23 
11/28/2017,$317.55 ,4941703,$316.36 ,$320 ,$313.92 
11/27/2017,$316.81 ,4537779,$313.25 ,$317.34 ,$309.51 
11/24/2017,$315.55 ,3244065,$313.79 ,$316.41 ,$311 
11/22/2017,$312.60 ,4913283,$316.77 ,$317.42 ,$311.84 
11/21/2017,$317.81 ,7256381,$310.86 ,$318.23 ,$308.71 
11/20/2017,$308.74 ,8241821,$313.79 ,$315.50 ,$304.75 
11/17/2017,$315.05 ,13720830,$325.67 ,$326.67 ,$313.15 
11/16/2017,$312.50 ,5794409,$313.99 ,$318.14 ,$311.30 
11/15/2017,$311.30 ,5951835,$306.01 ,$312.49 ,$301.50 
11/14/2017,$308.70 ,5661904,$315 ,$316.35 ,$306.90 
11/13/2017,$315.40 ,7565242,$300.13 ,$316.80 ,$299.11 
11/10/2017,$302.99 ,4621080,$302.50 ,$308.36 ,$301.85 
11/9/2017,$302.99 ,5440173,$302.50 ,$304.46 ,$296.30 
11/8/2017,$304.39 ,4725355,$305.50 ,$306.89 ,$301.30 
11/7/2017,$306.05 ,5284844,$301.02 ,$306.50 ,$300.03 
11/6/2017,$302.78 ,6480689,$307 ,$307.50 ,$299.01 
11/3/2017,$306.09 ,8885933,$299.50 ,$306.25 ,$295.13 
11/2/2017,$299.26 ,19771280,$300.13 ,$308.69 ,$292.63 
11/1/2017,$321.08 ,8242487,$332.25 ,$332.61 ,$320.26 
10/31/2017,$331.53 ,5650062,$320.23 ,$331.95 ,$320.18 
10/30/2017,$320.08 ,4247619,$319.18 ,$323.78 ,$317.25 
10/27/2017,$320.87 ,6968365,$319.75 ,$324.59 ,$316.66 
10/26/2017,$326.17 ,5010087,$327.78 ,$330.23 ,$323.20 
10/25/2017,$325.84 ,8583619,$336.70 ,$337.50 ,$323.56 
10/24/2017,$337.34 ,4485692,$338.80 ,$342.80 ,$336.16 
10/23/2017,$337.02 ,5739598,$349.88 ,$349.95 ,$336.25 
10/20/2017,$345.10 ,4925657,$352.69 ,$354.55 ,$344.34 
10/19/2017,$351.81 ,5055715,$355.56 ,$357.15 ,$348.20 
10/18/2017,$359.65 ,4936024,$355.97 ,$363 ,$354.13 
10/17/2017,$355.75 ,3290290,$350.91 ,$356.22 ,$350.07 
10/16/2017,$350.60 ,5373090,$353.76 ,$354.48 ,$347.16 
10/13/2017,$355.57 ,3538807,$356.98 ,$358.49 ,$353.68 
10/12/2017,$355.68 ,4073552,$352.95 ,$359.78 ,$352.64 
10/11/2017,$354.60 ,4494733,$353.89 ,$357.60 ,$351.15 
10/10/2017,$355.59 ,6972263,$346.80 ,$355.63 ,$345.53 
10/9/2017,$342.94 ,7461461,$349.65 ,$351.75 ,$342.67 
10/6/2017,$356.88 ,4272866,$353.10 ,$360.10 ,$352.25 
10/5/2017,$355.33 ,4167913,$356 ,$357.44 ,$351.35 
10/4/2017,$355.01 ,8147995,$351.25 ,$358.62 ,$349.60 
10/3/2017,$348.14 ,10122550,$335.90 ,$348.55 ,$331.28 
10/2/2017,$341.53 ,5227547,$342.52 ,$343.70 ,$335.51 
9/29/2017,$341.10 ,5099051,$341.86 ,$344.68 ,$338.60 
9/28/2017,$339.60 ,5309779,$339.88 ,$342.75 ,$335.40 
9/27/2017,$340.97 ,6027375,$349.90 ,$351.49 ,$340.50 
9/26/2017,$345.25 ,7149649,$350.93 ,$351.24 ,$340.90 
9/25/2017,$344.99 ,7587158,$353.15 ,$357.47 ,$342.88 
9/22/2017,$351.09 ,8142895,$366.49 ,$369.90 ,$350.88 
9/21/2017,$366.48 ,4610872,$374.90 ,$376.83 ,$364.51 
9/20/2017,$373.91 ,4909958,$373 ,$378.25 ,$371.07 
9/19/2017,$375.10 ,6435208,$380 ,$382.39 ,$373.57 
9/18/2017,$385 ,7177773,$380.25 ,$389.61 ,$377.68 
9/15/2017,$379.81 ,5407227,$374.51 ,$380 ,$372.70 
9/14/2017,$377.64 ,7170263,$364.33 ,$377.96 ,$362.63 
9/13/2017,$366.23 ,4171185,$363.82 ,$368.07 ,$359.59 
9/12/2017,$362.75 ,5966204,$364.49 ,$368.76 ,$360.40 
9/11/2017,$363.69 ,7651000,$351.35 ,$363.71 ,$350 
9/8/2017,$343.40 ,3261333,$348.99 ,$349.78 ,$342.30 
9/7/2017,$350.61 ,4235045,$345.98 ,$352.48 ,$343.45 
9/6/2017,$344.53 ,4082001,$349.50 ,$350.98 ,$341.56 
9/5/2017,$349.59 ,3836402,$353.80 ,$355.49 ,$345.89 
9/1/2017,$355.40 ,3048550,$356.12 ,$357.59 ,$353.69 
8/31/2017,$355.90 ,4063330,$353.55 ,$358.44 ,$352.82 
8/30/2017,$353.18 ,3404165,$349.67 ,$353.47 ,$347 
8/29/2017,$347.36 ,4069303,$339.48 ,$349.05 ,$338.75 
8/28/2017,$345.66 ,3746240,$347.28 ,$347.35 ,$339.72 
8/25/2017,$348.05 ,3475186,$354.24 ,$355.69 ,$347.30 
8/24/2017,$352.93 ,4571574,$352.52 ,$356.66 ,$349.74 
8/23/2017,$352.77 ,4941947,$338.99 ,$353.49 ,$338.30 
8/22/2017,$341.35 ,4314268,$341.13 ,$342.24 ,$337.37 
8/21/2017,$337.86 ,6489850,$345.82 ,$345.82 ,$331.85 
8/18/2017,$347.46 ,5390805,$352.91 ,$354 ,$345.80 
8/17/2017,$351.92 ,5010825,$361.21 ,$363.30 ,$351.59 
8/16/2017,$362.91 ,3406173,$363 ,$366.50 ,$362.52 
8/15/2017,$362.33 ,3084601,$365.20 ,$365.49 ,$359.37 
8/14/2017,$363.80 ,4507969,$364.63 ,$367.66 ,$362.60 
8/11/2017,$357.87 ,4357562,$356.97 ,$361.26 ,$353.62 
8/10/2017,$355.40 ,7063054,$361.60 ,$366.65 ,$354.66 
8/9/2017,$363.53 ,6881182,$361 ,$370 ,$358.95 
8/8/2017,$365.22 ,7431838,$357.53 ,$368.58 ,$357.40 
8/7/2017,$355.17 ,6309331,$357.35 ,$359.48 ,$352.75 
8/4/2017,$356.91 ,9233295,$347 ,$357.27 ,$343.30 
8/3/2017,$347.09 ,13524270,$345.33 ,$350 ,$343.15 
8/2/2017,$325.89 ,11942350,$318.94 ,$327.12 ,$311.22 
8/1/2017,$319.57 ,8284997,$323 ,$324.45 ,$316.13 
7/31/2017,$323.47 ,8525454,$335.50 ,$341.49 ,$321.04 
7/28/2017,$335.07 ,4869891,$336.89 ,$339.60 ,$332.51 
7/27/2017,$334.46 ,8285879,$346 ,$347.50 ,$326.29 
7/26/2017,$343.85 ,4809514,$340.36 ,$345.50 ,$338.12 
7/25/2017,$339.60 ,6977932,$345 ,$345.60 ,$334.15 
7/24/2017,$342.52 ,8598292,$330.24 ,$343.40 ,$330.01 
7/21/2017,$328.40 ,4871708,$329.46 ,$331.26 ,$325.80 
7/20/2017,$329.92 ,5142516,$326.90 ,$330.22 ,$324.20 
7/19/2017,$325.26 ,6345884,$328.23 ,$331.65 ,$323.22 
7/18/2017,$328.24 ,6360710,$317.50 ,$329.13 ,$315.66 
7/17/2017,$319.57 ,9827506,$325.54 ,$327.10 ,$313.45 
7/14/2017,$327.78 ,5607924,$323.19 ,$328.42 ,$321.22 
7/13/2017,$323.41 ,8582315,$330.11 ,$331.60 ,$319.97 
7/12/2017,$329.52 ,10317240,$330.40 ,$333.10 ,$324.50 
7/11/2017,$327.22 ,11526760,$316 ,$327.28 ,$314.30 
7/10/2017,$316.05 ,13760290,$312.90 ,$317.94 ,$303.13 
7/7/2017,$313.22 ,14129950,$313.50 ,$317 ,$307.38 
7/6/2017,$308.83 ,19258040,$317.26 ,$320.79 ,$306.30 
7/5/2017,$327.09 ,16998300,$347.20 ,$347.24 ,$326.33 
7/3/2017,$352.62 ,6305401,$370.24 ,$371.35 ,$351.50 
6/30/2017,$361.61 ,5823046,$363.71 ,$366.77 ,$359.62 
6/29/2017,$360.75 ,8202463,$370.61 ,$371 ,$354.10 
6/28/2017,$371.24 ,6290323,$366.68 ,$371.74 ,$362.52 
6/27/2017,$362.37 ,6977494,$376.40 ,$376.40 ,$362.02 
6/26/2017,$377.49 ,6596854,$386.69 ,$386.95 ,$373.10 
6/23/2017,$383.45 ,6425180,$382.45 ,$386.99 ,$379.35 
6/22/2017,$382.61 ,7510406,$377.99 ,$385 ,$373.57 
6/21/2017,$376.40 ,4916770,$374.35 ,$376.99 ,$368.02 
6/20/2017,$372.24 ,7419110,$376.67 ,$378.88 ,$369.73 
6/19/2017,$369.80 ,6433434,$375 ,$376.70 ,$367.80 
6/16/2017,$371.40 ,6347450,$377.98 ,$378.01 ,$370.10 
6/15/2017,$375.34 ,10412650,$372.50 ,$375.46 ,$366.49 
6/14/2017,$380.66 ,12778480,$381.09 ,$384.25 ,$376.31 
6/13/2017,$375.95 ,11773370,$367.62 ,$376 ,$366.61 
6/12/2017,$359.01 ,10507860,$357.99 ,$364.50 ,$350.62 
6/9/2017,$357.32 ,17250060,$374.42 ,$376.87 ,$354.80 
6/8/2017,$370 ,9028677,$363.75 ,$371.90 ,$360.22 
6/7/2017,$359.65 ,9348692,$356.34 ,$360.50 ,$355.14 
6/6/2017,$352.85 ,11031920,$344.70 ,$359.49 ,$339.97 
6/5/2017,$347.32 ,6769174,$338.50 ,$348.44 ,$334.21 
6/2/2017,$339.85 ,5583952,$339.77 ,$342.88 ,$335.93 
6/1/2017,$340.37 ,7601764,$344 ,$344.88 ,$337.29 
5/31/2017,$341.01 ,9937556,$337.69 ,$342.89 ,$335.16 
5/30/2017,$335.10 ,7771536,$326 ,$336.28 ,$325.76 
5/26/2017,$325.14 ,7793009,$317.28 ,$325.49 ,$316.31 
5/25/2017,$316.83 ,5000432,$311.02 ,$316.97 ,$307.81 
5/24/2017,$310.22 ,5035192,$306.51 ,$311 ,$305.40 
5/23/2017,$303.86 ,4314267,$310.46 ,$310.73 ,$303.48 
5/22/2017,$310.35 ,4324305,$312.80 ,$314.37 ,$306.80 
5/19/2017,$310.83 ,4654580,$315.50 ,$316.50 ,$310.20 
5/18/2017,$313.06 ,5609153,$307 ,$313.94 ,$305.31 
5/17/2017,$306.11 ,6695657,$314.39 ,$314.63 ,$305.50 
5/16/2017,$317.01 ,4141066,$317.59 ,$320.06 ,$315.14 
5/15/2017,$315.88 ,7606854,$318.38 ,$320.20 ,$312.53 
5/12/2017,$324.81 ,4118613,$325.48 ,$327 ,$321.53 
5/11/2017,$323.10 ,4747172,$323.40 ,$326 ,$319.60 
5/10/2017,$325.22 ,5734524,$321.56 ,$325.50 ,$318.12 
5/9/2017,$321.26 ,9663374,$309.38 ,$321.99 ,$309.10 
5/8/2017,$307.19 ,7002907,$310.90 ,$313.79 ,$305.82 
5/5/2017,$308.35 ,8117449,$298 ,$308.55 ,$296.80 
5/4/2017,$295.46 ,14135990,$307.44 ,$307.77 ,$290.76 
5/3/2017,$311.02 ,6879259,$317.67 ,$321.53 ,$310.45 
5/2/2017,$318.89 ,5316551,$324 ,$327.66 ,$316.56 
5/1/2017,$322.83 ,8819888,$314.88 ,$327.25 ,$314.81 
4/28/2017,$314.07 ,4496659,$309.83 ,$314.80 ,$308 
4/27/2017,$308.63 ,3462663,$311.69 ,$313.09 ,$307.50 
4/26/2017,$310.17 ,4683131,$312.37 ,$314.50 ,$309 
4/25/2017,$313.79 ,6734162,$308 ,$313.98 ,$305.86 
4/24/2017,$308.03 ,5077771,$309.22 ,$310.55 ,$306.02 
4/21/2017,$305.60 ,4501958,$302 ,$306.40 ,$300.42 
4/20/2017,$302.51 ,6145961,$306.51 ,$309.15 ,$300.23 
4/19/2017,$305.52 ,3891145,$302.46 ,$306.62 ,$302.11 
4/18/2017,$300.25 ,3034225,$299.70 ,$300.84 ,$297.90 
4/17/2017,$301.44 ,4128067,$302.70 ,$304 ,$298.68 
4/13/2017,$304 ,9275682,$296.70 ,$307.39 ,$295.30 
4/12/2017,$296.84 ,6043648,$306.34 ,$308.45 ,$296.32 
4/11/2017,$308.71 ,5718053,$313.38 ,$313.47 ,$305.50 
4/10/2017,$312.39 ,7653623,$309.15 ,$313.73 ,$308.71 
4/7/2017,$302.54 ,4566632,$297.50 ,$302.69 ,$297.15 
4/6/2017,$298.70 ,5517731,$296.88 ,$301.94 ,$294.10 
4/5/2017,$295 ,7858565,$302.04 ,$304.88 ,$294.20 
4/4/2017,$303.70 ,10108230,$296.89 ,$304.81 ,$294.53 
4/3/2017,$298.52 ,13864850,$286.90 ,$299 ,$284.58 
3/31/2017,$278.30 ,3293698,$278.73 ,$279.68 ,$276.32 
3/30/2017,$277.92 ,4141437,$278.04 ,$282 ,$277.21 
3/29/2017,$277.38 ,3672526,$278.34 ,$279.60 ,$275.54 
3/28/2017,$277.45 ,7978665,$277.02 ,$280.68 ,$275 
3/27/2017,$270.22 ,6221361,$260.60 ,$270.57 ,$259.75 
3/24/2017,$263.16 ,5637668,$255.70 ,$263.89 ,$255.01 
3/23/2017,$254.78 ,3309844,$255.39 ,$257.67 ,$253.30 
3/22/2017,$255.01 ,4056735,$251.56 ,$255.07 ,$250.51 
3/21/2017,$250.68 ,6901555,$262.83 ,$264.80 ,$250.24 
3/20/2017,$261.92 ,3601616,$260.60 ,$264.55 ,$258.82 
3/17/2017,$261.50 ,6491018,$264 ,$265.33 ,$261.20 
3/16/2017,$262.05 ,7127180,$262.40 ,$265.75 ,$259.06 
3/15/2017,$255.73 ,5233365,$257 ,$261 ,$254.27 
3/14/2017,$258 ,7581719,$246.11 ,$258.12 ,$246.02 
3/13/2017,$246.17 ,3011280,$244.82 ,$246.85 ,$242.78 
3/10/2017,$243.69 ,3062785,$246.21 ,$246.50 ,$243 
3/9/2017,$244.90 ,3876494,$247.63 ,$248.66 ,$243 
3/8/2017,$246.87 ,3726746,$247 ,$250.07 ,$245.32 
3/7/2017,$248.59 ,3452587,$251.92 ,$253.89 ,$248.32 
3/6/2017,$251.21 ,3353601,$247.91 ,$251.70 ,$247.51 
3/3/2017,$251.57 ,2925481,$250.74 ,$251.90 ,$249 
3/2/2017,$250.48 ,3345751,$249.71 ,$253.28 ,$248.27 
3/1/2017,$250.02 ,4804963,$254.18 ,$254.85 ,$249.11 
2/28/2017,$249.99 ,6073890,$244.19 ,$251 ,$243.90 
2/27/2017,$246.23 ,11450160,$248.17 ,$248.36 ,$242.01 
2/24/2017,$257 ,8166869,$252.66 ,$258.25 ,$250.20 
2/23/2017,$255.99 ,14877090,$264 ,$264.66 ,$255.56 
2/22/2017,$273.51 ,8537811,$280.31 ,$283.45 ,$272.60 
2/21/2017,$277.39 ,5647575,$275.45 ,$281.40 ,$274.01 
2/17/2017,$272.23 ,6251469,$265.80 ,$272.89 ,$264.15 
2/16/2017,$268.95 ,7063860,$277.60 ,$280 ,$268.50 
2/15/2017,$279.76 ,4943879,$280 ,$282.24 ,$276.44 
2/14/2017,$280.98 ,7341450,$279.03 ,$287.39 ,$278.61 
2/13/2017,$280.60 ,7023072,$270.74 ,$280.79 ,$270.51 
2/10/2017,$269.23 ,3618336,$269.79 ,$270.95 ,$266.11 
2/9/2017,$269.20 ,7812600,$266.25 ,$271.18 ,$266.15 
2/8/2017,$262.08 ,3912428,$257.35 ,$263.36 ,$256.20 
2/7/2017,$257.48 ,4244063,$258.19 ,$260 ,$256.42 
2/6/2017,$257.77 ,3557600,$251 ,$257.82 ,$250.63 
2/3/2017,$251.33 ,2185230,$251.91 ,$252.18 ,$249.68 
2/2/2017,$251.55 ,2498799,$248.34 ,$252.42 ,$247.71 
2/1/2017,$249.24 ,3953105,$253.05 ,$253.20 ,$249.05 
1/31/2017,$251.93 ,4112013,$249.24 ,$255.89 ,$247.70 
1/30/2017,$250.63 ,3798638,$252.53 ,$255.29 ,$247.10 
1/27/2017,$252.95 ,3161774,$251.38 ,$253 ,$248.52 
1/26/2017,$252.51 ,3143717,$254.29 ,$255.74 ,$250.75 
1/25/2017,$254.47 ,5145301,$257.31 ,$258.46 ,$251.80 
1/24/2017,$254.61 ,4958144,$250 ,$254.80 ,$249.65 
1/23/2017,$248.92 ,6262097,$245.85 ,$250.89 ,$245.50 
1/20/2017,$244.73 ,4199720,$245.46 ,$246 ,$243.01 
1/19/2017,$243.76 ,7717244,$247.25 ,$248.68 ,$240.75 
1/18/2017,$238.36 ,3767272,$236.65 ,$239.71 ,$235.58 
1/17/2017,$235.58 ,4614731,$236.70 ,$239.96 ,$234.37 
1/13/2017,$237.75 ,6085610,$230 ,$237.85 ,$229.59 
1/12/2017,$229.59 ,3787547,$229.06 ,$230.70 ,$225.58 
1/11/2017,$229.73 ,3649910,$229.07 ,$229.98 ,$226.68 
1/10/2017,$229.87 ,3658981,$232 ,$232 ,$226.89 
1/9/2017,$231.28 ,3972716,$228.97 ,$231.92 ,$228 
1/6/2017,$229.01 ,5524153,$226.93 ,$230.31 ,$225.45 
1/5/2017,$226.75 ,5908927,$226.42 ,$227.48 ,$221.95 
1/4/2017,$226.99 ,11204560,$214.75 ,$228 ,$214.31 
1/3/2017,$216.99 ,5901494,$214.86 ,$220.33 ,$210.96 
12/30/2016,$213.69 ,4641288,$216.30 ,$217.50 ,$211.68 
12/29/2016,$214.68 ,4043086,$218.56 ,$219.20 ,$214.12 
12/28/2016,$219.74 ,3778544,$221.53 ,$223.80 ,$217.20 
12/27/2016,$219.53 ,5913335,$214.88 ,$222.25 ,$214.42 
12/23/2016,$213.34 ,4668263,$208 ,$213.45 ,$207.71 
12/22/2016,$208.45 ,3108427,$208.22 ,$209.99 ,$206.50 
12/21/2016,$207.70 ,5206143,$208.45 ,$212.23 ,$207.41 
12/20/2016,$208.79 ,4684269,$203.05 ,$209 ,$202.50 
12/19/2016,$202.73 ,3486937,$202.49 ,$204.45 ,$199.84 
12/16/2016,$202.49 ,3795444,$198.08 ,$202.59 ,$197.60 
12/15/2016,$197.58 ,3218653,$198.41 ,$200.74 ,$197.39 
12/14/2016,$198.69 ,4147314,$198.74 ,$203 ,$196.76 
12/13/2016,$198.15 ,6819322,$193.18 ,$201.28 ,$193 
12/12/2016,$192.43 ,2436428,$192.80 ,$194.42 ,$191.04 
12/9/2016,$192.18 ,2720937,$190.87 ,$193.84 ,$190.81 
12/8/2016,$192.29 ,3193684,$192.05 ,$192.50 ,$189.54 
12/7/2016,$193.15 ,5457071,$186.15 ,$193.40 ,$185 
12/6/2016,$185.85 ,3389365,$185.52 ,$186.58 ,$182.68 
12/5/2016,$186.80 ,4069480,$182.51 ,$188.89 ,$182.51 
12/2/2016,$181.47 ,4040201,$182.88 ,$184.88 ,$180 
12/1/2016,$181.88 ,5119105,$188.25 ,$188.53 ,$181 
11/30/2016,$189.40 ,3544891,$191 ,$191.89 ,$187.50 
11/29/2016,$189.57 ,4435312,$195.56 ,$196.73 ,$189.50 
11/28/2016,$196.12 ,4521082,$195.48 ,$199.35 ,$194.55 
11/25/2016,$196.65 ,2366098,$193.64 ,$197.24 ,$193.64 
11/23/2016,$193.14 ,4890285,$190.61 ,$195.64 ,$189 
11/22/2016,$191.17 ,5601238,$185.84 ,$191.47 ,$183.71 
11/21/2016,$184.52 ,4355872,$185.04 ,$188.89 ,$184.41 
11/18/2016,$185.02 ,5206473,$190.65 ,$193 ,$185 
11/17/2016,$188.66 ,4880969,$183.49 ,$189.49 ,$182.11 
11/16/2016,$183.93 ,3432668,$182.65 ,$184.73 ,$181.21 
11/15/2016,$183.77 ,3899743,$182.78 ,$186.43 ,$182.05 
11/14/2016,$181.45 ,6547913,$188 ,$188.25 ,$178.19 
11/11/2016,$188.56 ,3987091,$184.24 ,$188.88 ,$183 
11/10/2016,$185.35 ,6746290,$191.05 ,$191.61 ,$180.42 
11/9/2016,$190.06 ,8166447,$186.88 ,$192 ,$183.95 
11/8/2016,$194.94 ,3252927,$193.79 ,$197.49 ,$191.26 
11/7/2016,$193.21 ,3857682,$193.59 ,$194.29 ,$190.05 
11/4/2016,$190.56 ,5143915,$189 ,$193.46 ,$185.96 
11/3/2016,$187.42 ,2644550,$189 ,$191.47 ,$187.04 
11/2/2016,$188.02 ,4242250,$190.05 ,$192.70 ,$187.51 
11/1/2016,$190.79 ,7023674,$198.04 ,$198.50 ,$188.11 
10/31/2016,$197.73 ,4691320,$202.49 ,$202.49 ,$195.81 
10/28/2016,$199.97 ,4273456,$204 ,$205.32 ,$199.83 
10/27/2016,$204.01 ,13070990,$211.34 ,$213.70 ,$201.65 
10/26/2016,$202.24 ,5346893,$201 ,$203.19 ,$200.10 
10/25/2016,$202.34 ,2442118,$202.90 ,$204.69 ,$201.20 
10/24/2016,$202.76 ,2747344,$201 ,$203.95 ,$200.25 
10/21/2016,$200.09 ,2936908,$198.60 ,$201.57 ,$197.41 
10/20/2016,$199.10 ,5069410,$202.12 ,$203 ,$197.05 
10/19/2016,$203.56 ,6966185,$199.74 ,$206.66 ,$198.06 
10/18/2016,$199.10 ,5676046,$195.99 ,$199.47 ,$193.26 
10/17/2016,$193.96 ,4518331,$197.05 ,$198.39 ,$192 
10/14/2016,$196.51 ,4265471,$200.66 ,$201.43 ,$196.30 
10/13/2016,$200.24 ,2495140,$200.50 ,$200.90 ,$197.05 
10/12/2016,$201.51 ,1969099,$200.95 ,$203.88 ,$200.42 
10/11/2016,$200.10 ,2326754,$201.85 ,$202.20 ,$198.31 
10/10/2016,$200.95 ,3311340,$201.35 ,$204.14 ,$199.66 
10/7/2016,$196.61 ,3489480,$201 ,$201.32 ,$195.80 
10/6/2016,$201 ,4697937,$202.46 ,$204.21 ,$200.21 
10/5/2016,$208.46 ,1872456,$212.24 ,$213.15 ,$208.12 
10/4/2016,$211.41 ,3537953,$213.10 ,$213.32 ,$208.82 
10/3/2016,$213.70 ,5989342,$212.30 ,$215.67 ,$208.25 
9/30/2016,$204.03 ,2581730,$202.21 ,$204.98 ,$199.55 
9/29/2016,$200.70 ,2714040,$205.60 ,$207.33 ,$200.58 
9/28/2016,$206.27 ,2079324,$207.51 ,$208.25 ,$205.26 
9/27/2016,$205.81 ,3367907,$209.65 ,$209.98 ,$204.61 
9/26/2016,$208.99 ,2393373,$206.50 ,$211 ,$206.50 
9/23/2016,$207.45 ,2904125,$205.99 ,$210.18 ,$205.67 
9/22/2016,$206.43 ,2381600,$206.40 ,$207.28 ,$203 
9/21/2016,$205.22 ,2631285,$206.37 ,$207 ,$201.56 
9/20/2016,$204.64 ,2408556,$206.85 ,$207.75 ,$203.91 
9/19/2016,$206.34 ,2298318,$207 ,$209.43 ,$205 
9/16/2016,$205.40 ,3104266,$200.42 ,$205.70 ,$199 
9/15/2016,$200.42 ,3082942,$196.49 ,$202.52 ,$196.40 
9/14/2016,$196.41 ,2256143,$195.75 ,$197.92 ,$194.86 
9/13/2016,$196.05 ,3583140,$197.06 ,$198.49 ,$193.45 
9/12/2016,$198.30 ,3714049,$195 ,$201.37 ,$194.10 
9/9/2016,$194.47 ,3753734,$199.09 ,$199.92 ,$193.70 
9/8/2016,$197.36 ,3372293,$199.55 ,$199.89 ,$196.36 
9/7/2016,$201.71 ,3637918,$205.50 ,$206.50 ,$200.71 
9/6/2016,$202.83 ,4386193,$199.02 ,$203.25 ,$199 
9/2/2016,$197.78 ,5970154,$202.33 ,$203.20 ,$196.20 
9/1/2016,$200.77 ,7932444,$209.01 ,$211.10 ,$200.50 
8/31/2016,$212.01 ,3274854,$210.43 ,$212.60 ,$208.65 
8/30/2016,$211.34 ,3164222,$216.11 ,$216.11 ,$210.52 
8/29/2016,$215.20 ,3261381,$220.15 ,$220.40 ,$215 
8/26/2016,$219.99 ,2238087,$222.14 ,$222.86 ,$218.82 
8/25/2016,$220.96 ,1760212,$223.11 ,$223.80 ,$220.77 
8/24/2016,$222.62 ,2566947,$227.05 ,$227.15 ,$222.22 
8/23/2016,$224.84 ,4747745,$224.32 ,$228.49 ,$222.80 
8/22/2016,$222.93 ,2061692,$224.17 ,$225.11 ,$222.68 
8/19/2016,$225 ,1658616,$223.54 ,$225.17 ,$222.53 
8/18/2016,$223.51 ,1699300,$223.82 ,$225.66 ,$222.29 
8/17/2016,$223.24 ,1786408,$224.33 ,$224.83 ,$222.80 
8/16/2016,$223.61 ,2251115,$225.49 ,$227.19 ,$223.41 
8/15/2016,$225.59 ,2017964,$226.02 ,$229.50 ,$224.93 
8/12/2016,$225.61 ,1811850,$225.41 ,$226.65 ,$224.04 
8/11/2016,$224.91 ,1876959,$226.17 ,$227.57 ,$223.41 
8/10/2016,$225.65 ,2336496,$228.24 ,$229.87 ,$224.62 
8/9/2016,$229.08 ,2199766,$226.82 ,$231.54 ,$226.65 
8/8/2016,$226.16 ,2259465,$228 ,$229.60 ,$226.09 
8/5/2016,$230.03 ,3190342,$230 ,$232 ,$227.40 
8/4/2016,$230.61 ,4142155,$225.69 ,$230.86 ,$222.05 
8/3/2016,$225.79 ,3808747,$227.37 ,$229.70 ,$224.21 
8/2/2016,$227.20 ,3928706,$229.37 ,$229.87 ,$221.40 
8/1/2016,$230.01 ,4014048,$235.50 ,$236.63 ,$229.38 
7/29/2016,$234.79 ,3061574,$230.70 ,$235.28 ,$230.24 
7/28/2016,$230.61 ,2415462,$227.95 ,$230.76 ,$226.60 
7/27/2016,$228.49 ,2887028,$229.34 ,$233.36 ,$226.92 
7/26/2016,$229.51 ,3427251,$227.69 ,$230 ,$225.30 
7/25/2016,$230.01 ,4479483,$222.27 ,$231.39 ,$221.37 
7/22/2016,$222.27 ,2570462,$221.99 ,$224.50 ,$218.88 
7/21/2016,$220.50 ,4425756,$226 ,$227.85 ,$219.10 
7/20/2016,$228.36 ,2556119,$226.47 ,$229.80 ,$225 
7/19/2016,$225.26 ,3047535,$225 ,$229.10 ,$224.75 
7/18/2016,$226.25 ,3394588,$219.64 ,$227.09 ,$218.30 
7/15/2016,$220.40 ,2230821,$222.52 ,$222.75 ,$219.64 
7/14/2016,$221.53 ,2657899,$223.12 ,$224.94 ,$221.05 
7/13/2016,$222.53 ,3540699,$225.50 ,$225.59 ,$220.29 
7/12/2016,$224.65 ,4573875,$224.10 ,$227.50 ,$223.22 
7/11/2016,$224.78 ,5369066,$219.96 ,$226.78 ,$219.51 
7/8/2016,$216.78 ,4067131,$217.80 ,$219.81 ,$214.50 
7/7/2016,$215.94 ,3603385,$213.10 ,$218.12 ,$213.01 
7/6/2016,$214.44 ,4910285,$210 ,$215.23 ,$209 
7/5/2016,$213.98 ,5169832,$209.73 ,$214.54 ,$208 
7/1/2016,$216.50 ,5396030,$206.14 ,$218.24 ,$206 
6/30/2016,$212.28 ,4794440,$212.97 ,$213.50 ,$209.02 
6/29/2016,$210.19 ,5987120,$205.13 ,$211.78 ,$203 
6/28/2016,$201.79 ,6158996,$201.89 ,$204.05 ,$199.41 
6/27/2016,$198.55 ,7211823,$190.86 ,$198.81 ,$187.87 
6/24/2016,$193.15 ,6988949,$190.05 ,$195.12 ,$189.73 
6/23/2016,$196.40 ,10098190,$195.69 ,$197.55 ,$192.13 
6/22/2016,$196.66 ,23706100,$199.47 ,$205.95 ,$195.75 
6/21/2016,$219.61 ,2855619,$220.68 ,$222.57 ,$218.81 
6/20/2016,$219.70 ,3549768,$219.50 ,$223.75 ,$218.23 
6/17/2016,$215.47 ,3107734,$217.81 ,$219.99 ,$214.50 
6/16/2016,$217.93 ,2438692,$217.42 ,$218.04 ,$213.50 
6/15/2016,$217.70 ,2905002,$216.95 ,$221.90 ,$215.13 
6/14/2016,$214.96 ,3575822,$218.88 ,$222.20 ,$212.53 
6/13/2016,$217.87 ,4187833,$219.50 ,$225.77 ,$217.66 
6/10/2016,$218.79 ,5994548,$227.39 ,$227.97 ,$218.42 
6/9/2016,$229.36 ,4454222,$234.98 ,$235.33 ,$227.06 
6/8/2016,$235.52 ,5965110,$233.80 ,$240.85 ,$232.61 
6/7/2016,$232.34 ,6194154,$222.24 ,$234.44 ,$221.52 
6/6/2016,$220.68 ,2242634,$218 ,$220.90 ,$215.45 
6/3/2016,$218.99 ,2226110,$220 ,$221.94 ,$218.01 
6/2/2016,$218.96 ,2017279,$219.59 ,$219.91 ,$217.11 
6/1/2016,$219.56 ,2982270,$221.48 ,$222.40 ,$216.89 
5/31/2016,$223.23 ,2786682,$223.04 ,$224.75 ,$221.50 
5/27/2016,$223.04 ,3645792,$224.99 ,$225.93 ,$220.75 
5/26/2016,$225.12 ,4066512,$220.50 ,$225.26 ,$219.05 
5/25/2016,$219.58 ,3131279,$217.91 ,$221.36 ,$216.51 
5/24/2016,$217.91 ,3009327,$216.60 ,$218.74 ,$215.18 
5/23/2016,$216.22 ,5096751,$219.87 ,$222.60 ,$215.86 
5/20/2016,$220.28 ,8996546,$216.99 ,$220.55 ,$216.35 
5/19/2016,$215.21 ,6817922,$213.62 ,$216.79 ,$207.30 
5/18/2016,$211.17 ,5552692,$209.15 ,$215.31 ,$207.75 
5/17/2016,$204.66 ,2842028,$209.05 ,$209.82 ,$204.02 
5/16/2016,$208.29 ,2945754,$208.15 ,$213.15 ,$207.92 
5/13/2016,$207.61 ,2820616,$207.78 ,$211.20 ,$206.70 
5/12/2016,$207.28 ,3650075,$211.44 ,$211.67 ,$203.66 
5/11/2016,$208.96 ,5159640,$207.59 ,$215.48 ,$206.05 
5/10/2016,$208.69 ,4068053,$207.55 ,$209.47 ,$205 
5/9/2016,$208.92 ,4772992,$215.72 ,$216.15 ,$206.80 
5/6/2016,$214.93 ,5683675,$210.87 ,$216.37 ,$208.11 
5/5/2016,$211.53 ,11248340,$228.46 ,$228.64 ,$209.79 
5/4/2016,$222.56 ,8550004,$230.29 ,$234.46 ,$220.40 
5/3/2016,$232.32 ,4296325,$237.36 ,$238.91 ,$231.62 
5/2/2016,$241.80 ,3838958,$241.50 ,$243.19 ,$234.82 
4/29/2016,$240.76 ,5405164,$248.14 ,$248.43 ,$237.81 
4/28/2016,$247.71 ,2515595,$249.85 ,$253.43 ,$247.44 
4/27/2016,$251.47 ,3198105,$252.75 ,$255 ,$249.40 
4/26/2016,$253.74 ,3217779,$252.05 ,$255.73 ,$249.39 
4/25/2016,$251.82 ,3665088,$253.01 ,$257.38 ,$250.76 
4/22/2016,$253.75 ,3783126,$248.89 ,$254 ,$245.71 
4/21/2016,$248.29 ,2777079,$248.99 ,$250.90 ,$246.91 
4/20/2016,$249.97 ,5192343,$246.26 ,$253.66 ,$241.50 
4/19/2016,$247.37 ,6351360,$253.12 ,$254.37 ,$241.25 
4/18/2016,$253.88 ,4263246,$252.23 ,$258.31 ,$251.66 
4/15/2016,$254.51 ,3748593,$251.31 ,$254.60 ,$249.12 
4/14/2016,$251.86 ,4129258,$253 ,$256.84 ,$251.05 
4/13/2016,$254.53 ,4921554,$248.51 ,$255.50 ,$247.33 
4/12/2016,$247.82 ,5755351,$249.50 ,$251.80 ,$243.63 
4/11/2016,$249.92 ,9156404,$251 ,$258.99 ,$245.30 
4/8/2016,$250.07 ,7352707,$260.50 ,$260.82 ,$248.02 
4/7/2016,$257.20 ,8845567,$266.45 ,$269.34 ,$254.51 
4/6/2016,$265.42 ,11695760,$253.97 ,$267.74 ,$253.45 
4/5/2016,$255.47 ,9931470,$240.50 ,$256.56 ,$240 
4/4/2016,$246.99 ,13381160,$249.12 ,$252.12 ,$243.64 
4/1/2016,$237.59 ,15979910,$244.83 ,$247.90 ,$233.25 
3/31/2016,$229.77 ,7975638,$229.34 ,$237.42 ,$225.01 
3/30/2016,$226.89 ,4025670,$235.09 ,$235.50 ,$226.50 
3/29/2016,$230.13 ,4006037,$229.89 ,$232.38 ,$225.33 
3/28/2016,$230.26 ,3878599,$231.61 ,$234.81 ,$225 
3/24/2016,$227.75 ,4956604,$215.78 ,$228.89 ,$215 
3/23/2016,$222.58 ,4936203,$232.37 ,$234.73 ,$222.03 
3/22/2016,$234.24 ,4303052,$237.21 ,$238.99 ,$232.56 
3/21/2016,$238.32 ,5289014,$235.34 ,$239.88 ,$235 
3/18/2016,$232.74 ,4704761,$229.10 ,$234.48 ,$228.06 
3/17/2016,$226.38 ,3769083,$221.47 ,$228.50 ,$220 
3/16/2016,$221.93 ,3511873,$218 ,$222.58 ,$217.02 
3/15/2016,$218.34 ,3133230,$214.27 ,$218.97 ,$211.50 
3/14/2016,$215.15 ,4062304,$212.65 ,$216.72 ,$210.64 
3/11/2016,$207.50 ,3339148,$207.93 ,$209.42 ,$205.33 
3/10/2016,$205.18 ,5191602,$210 ,$213.29 ,$200.67 
3/9/2016,$208.72 ,3207597,$204.52 ,$209.37 ,$202.79 
3/8/2016,$202.60 ,4175498,$203.50 ,$207.50 ,$202.20 
3/7/2016,$205.29 ,5331097,$197.68 ,$209.70 ,$197.40 
3/4/2016,$201.04 ,6479858,$198 ,$204.03 ,$197.50 
3/3/2016,$195.74 ,4822993,$188.28 ,$197.42 ,$184.22 
3/2/2016,$188.34 ,4858631,$183.73 ,$188.52 ,$181.50 
3/1/2016,$186.35 ,6695704,$194.25 ,$195.95 ,$182.70 
2/29/2016,$191.93 ,4495402,$192.40 ,$196.35 ,$189.22 
2/26/2016,$190.34 ,6054061,$188.70 ,$192 ,$185 
2/25/2016,$187.43 ,5727008,$178.65 ,$188.52 ,$175.20 
2/24/2016,$179 ,5385369,$172.75 ,$179.50 ,$167.84 
2/23/2016,$177.21 ,5982993,$176.16 ,$181.73 ,$173.68 
2/22/2016,$177.74 ,5055340,$170.12 ,$178.91 ,$169.85 
2/19/2016,$166.58 ,2955832,$163.66 ,$167.49 ,$162.50 
2/18/2016,$166.77 ,3883107,$172.42 ,$172.95 ,$164.77 
2/17/2016,$168.68 ,5820264,$159 ,$169.34 ,$156.68 
2/16/2016,$155.17 ,5561638,$158.70 ,$162.95 ,$154.11 
2/12/2016,$151.04 ,7233264,$155 ,$157.01 ,$143.70 
2/11/2016,$150.47 ,14236900,$152 ,$163.26 ,$147 
2/10/2016,$143.67 ,10104690,$150.50 ,$154.97 ,$141.74 
2/9/2016,$148.25 ,8639661,$142.32 ,$159.79 ,$141.05 
2/8/2016,$147.99 ,9306754,$157.11 ,$157.15 ,$146 
2/5/2016,$162.60 ,9434495,$171.30 ,$173 ,$157.74 
2/4/2016,$175.33 ,4379442,$170.70 ,$175.98 ,$166.99 
2/3/2016,$173.48 ,7927640,$183.59 ,$183.94 ,$170.18 
2/2/2016,$182.78 ,5764817,$192.42 ,$193.12 ,$180.23 
2/1/2016,$196.94 ,5295685,$188.76 ,$199.52 ,$182.75 
1/29/2016,$191.20 ,2848929,$189.95 ,$193.74 ,$188.08 
1/28/2016,$189.70 ,4586328,$190.79 ,$191.28 ,$182.41 
1/27/2016,$188.07 ,3577353,$192.38 ,$193.26 ,$185.77 
1/26/2016,$193.56 ,4956918,$196.70 ,$197.82 ,$188.88 
1/25/2016,$196.38 ,2695408,$200.06 ,$203.57 ,$195.88 
1/22/2016,$202.55 ,3122066,$204.80 ,$205.50 ,$199.03 
1/21/2016,$199.97 ,3164424,$201.55 ,$203.23 ,$195.02 
1/20/2016,$198.70 ,5826110,$199.40 ,$201.28 ,$191.25 
1/19/2016,$204.72 ,4031271,$208.71 ,$210.47 ,$200.78 
1/15/2016,$204.99 ,5325773,$198.97 ,$205.07 ,$197.25 
1/14/2016,$206.18 ,6490579,$202.21 ,$210 ,$193.38 
1/13/2016,$200.31 ,4120993,$212.01 ,$212.65 ,$200 
1/12/2016,$209.97 ,3079051,$211.60 ,$213.74 ,$205.31 
1/11/2016,$207.85 ,4090843,$214.01 ,$214.45 ,$203 
1/8/2016,$211 ,3572360,$217.86 ,$220.44 ,$210.77 
1/7/2016,$215.65 ,3550704,$214.19 ,$218.44 ,$213.67 
1/6/2016,$219.04 ,3774353,$220 ,$220.05 ,$215.98 
1/5/2016,$223.43 ,3185525,$226.36 ,$226.89 ,$220 
1/4/2016,$223.41 ,6823510,$230.72 ,$231.38 ,$219 
12/31/2015,$240.01 ,2713817,$238.51 ,$243.45 ,$238.37 
12/30/2015,$238.09 ,3694448,$236.60 ,$243.63 ,$235.67 
12/29/2015,$237.19 ,2402438,$230.06 ,$237.72 ,$229.55 
12/28/2015,$228.95 ,1900171,$231.49 ,$231.98 ,$225.54 
12/24/2015,$230.57 ,710277,$230.56 ,$231.88 ,$228.28 
12/23/2015,$229.70 ,1551031,$232.18 ,$233.45 ,$228.13 
12/22/2015,$229.95 ,1958836,$234.99 ,$236.55 ,$229.63 
12/21/2015,$232.56 ,1951581,$231.69 ,$235.83 ,$231.08 
12/18/2015,$230.46 ,3008057,$232.89 ,$235.90 ,$229.29 
12/17/2015,$233.39 ,3294460,$233.94 ,$237.76 ,$229.81 
12/16/2015,$234.51 ,5100443,$222.10 ,$234.88 ,$220.73 
12/15/2015,$221.09 ,2241686,$221.82 ,$222.22 ,$218 
12/14/2015,$218.58 ,2827797,$217.51 ,$220.92 ,$214.87 
12/11/2015,$217.02 ,3259114,$225.24 ,$225.75 ,$216.64 
12/10/2015,$227.07 ,2070088,$224.71 ,$228.49 ,$223.64 
12/9/2015,$224.52 ,3057036,$226.70 ,$227.50 ,$220.72 
12/8/2015,$226.72 ,2682259,$227.52 ,$228.80 ,$224.20 
12/7/2015,$231.13 ,3140864,$227.70 ,$235.63 ,$226.15 
12/4/2015,$230.38 ,2572014,$232.46 ,$233.27 ,$227.66 
12/3/2015,$232.71 ,2937233,$235.48 ,$237.45 ,$230 
12/2/2015,$231.99 ,2980644,$237 ,$238.60 ,$231.23 
12/1/2015,$237.19 ,3728562,$231.06 ,$238 ,$231.05 
11/30/2015,$230.26 ,2591205,$231.79 ,$234.28 ,$229.08 
11/27/2015,$231.61 ,1949353,$231.06 ,$232.25 ,$227.01 
11/25/2015,$229.64 ,3986945,$221.34 ,$230.83 ,$220.38 
11/24/2015,$218.25 ,2478389,$215.37 ,$221 ,$215 
11/23/2015,$217.75 ,2525196,$217.35 ,$219.18 ,$214.68 
11/20/2015,$220.01 ,4394199,$223.49 ,$225 ,$213.58 
11/19/2015,$221.80 ,2499593,$220.54 ,$226.19 ,$220.30 
11/18/2015,$221.07 ,2810200,$214.50 ,$221.38 ,$212.52 
11/17/2015,$214 ,2148326,$215.20 ,$216 ,$211.40 
11/16/2015,$214.31 ,2920362,$206.09 ,$214.98 ,$205.80 
11/13/2015,$207.19 ,3423139,$212.95 ,$212.99 ,$206.52 
11/12/2015,$212.94 ,2913511,$217.85 ,$219 ,$212.66 
11/11/2015,$219.08 ,3337501,$217.77 ,$219.48 ,$213.63 
11/10/2015,$216.50 ,4612408,$223.48 ,$223.70 ,$216.08 
11/9/2015,$225.33 ,3846179,$232.99 ,$232.99 ,$224.31 
11/6/2015,$232.36 ,2444264,$230.70 ,$233.36 ,$229.50 
11/5/2015,$231.77 ,4494944,$230.58 ,$234.58 ,$229.19 
11/4/2015,$231.63 ,12713530,$227 ,$232.74 ,$225.20 
11/3/2015,$208.35 ,8065091,$213.85 ,$214.44 ,$207.75 
11/2/2015,$213.79 ,3924514,$208.92 ,$215.80 ,$207.22 
10/30/2015,$206.93 ,4432433,$210.40 ,$211.63 ,$203.89 
10/29/2015,$211.63 ,1794743,$211.75 ,$213.75 ,$210.64 
10/28/2015,$212.96 ,2726880,$211.31 ,$213.45 ,$208.30 
10/27/2015,$210.35 ,3512832,$214.84 ,$217.10 ,$207.51 
10/26/2015,$215.26 ,3388227,$211.38 ,$215.88 ,$210 
10/23/2015,$209.09 ,4226411,$215 ,$215.35 ,$207.69 
10/22/2015,$211.72 ,2818801,$211.56 ,$215.75 ,$209.40 
10/21/2015,$210.09 ,4177956,$211.99 ,$214.81 ,$208.80 
10/20/2015,$213.03 ,14877020,$227.72 ,$228.60 ,$202 
10/19/2015,$228.10 ,2506836,$226.50 ,$231.15 ,$224.94 
10/16/2015,$227.01 ,4327574,$223.04 ,$230.48 ,$222.87 
10/15/2015,$221.31 ,2835920,$216.43 ,$221.73 ,$213.70 
10/14/2015,$216.88 ,3094436,$220.67 ,$220.95 ,$215.43 
10/13/2015,$219.25 ,5168162,$213.28 ,$222.52 ,$211.13 
10/12/2015,$215.58 ,3816171,$222.99 ,$223 ,$215.27 
10/9/2015,$220.69 ,6153754,$220.93 ,$224.37 ,$218.36 
10/8/2015,$226.72 ,6125994,$230.08 ,$230.72 ,$221.31 
10/7/2015,$231.96 ,6804433,$236.63 ,$237.70 ,$229.12 
10/6/2015,$241.46 ,5234679,$240 ,$243.03 ,$235.58 
10/5/2015,$246.15 ,3684490,$248.84 ,$249.84 ,$244.13 
10/2/2015,$247.57 ,4407615,$235.60 ,$247.70 ,$234.93 
10/1/2015,$239.88 ,4568261,$247.51 ,$248.50 ,$237.13 
9/30/2015,$248.40 ,4925751,$252 ,$252.40 ,$242.34 
9/29/2015,$246.65 ,3695972,$250.46 ,$254.73 ,$245.46 
9/28/2015,$248.43 ,4893113,$257.35 ,$259.79 ,$246.61 
9/25/2015,$256.91 ,3771395,$266.61 ,$266.91 ,$256.15 
9/24/2015,$263.12 ,3442668,$259.53 ,$263.45 ,$256.21 
9/23/2015,$261.06 ,2597170,$261.95 ,$262.08 ,$257.58 
9/22/2015,$260.94 ,3660643,$259.03 ,$262.65 ,$255.87 
9/21/2015,$264.20 ,6114615,$263.98 ,$271.57 ,$255.80 
9/18/2015,$260.62 ,3760644,$257.96 ,$263.82 ,$257.50 
9/17/2015,$262.07 ,3575221,$263.96 ,$265.50 ,$260.69 
9/16/2015,$262.25 ,4405706,$253.04 ,$262.88 ,$252.88 
9/15/2015,$253.57 ,2931607,$252.75 ,$254.60 ,$249.50 
9/14/2015,$253.19 ,2885610,$251.10 ,$254.25 ,$249.67 
9/11/2015,$250.24 ,2346802,$247.64 ,$250.24 ,$244.73 
9/10/2015,$248.48 ,2706874,$247.23 ,$250.72 ,$245.33 
9/9/2015,$248.91 ,3384981,$252.05 ,$254.25 ,$248.30 
9/8/2015,$248.17 ,3129871,$245.05 ,$249.16 ,$244.05 
9/4/2015,$241.93 ,3687456,$240.89 ,$244.09 ,$238.20 
9/3/2015,$245.57 ,4184808,$252.06 ,$252.08 ,$245 
9/2/2015,$247.69 ,4590857,$245.30 ,$247.88 ,$239.78 
9/1/2015,$238.63 ,5443901,$240.34 ,$246 ,$236.97 
8/31/2015,$249.06 ,4688373,$245.62 ,$254.95 ,$245.51 
8/28/2015,$248.48 ,5507336,$241.86 ,$251.45 ,$241.57 
8/27/2015,$242.99 ,7645773,$231 ,$244.75 ,$230.81 
8/26/2015,$224.84 ,4951300,$227.93 ,$228 ,$215.51 
8/25/2015,$220.03 ,4313679,$230.52 ,$230.90 ,$219.12 
8/24/2015,$218.87 ,9562484,$202.79 ,$231.40 ,$195 
8/21/2015,$230.77 ,6578435,$236 ,$243.80 ,$230.51 
8/20/2015,$242.18 ,4892170,$252.06 ,$254.56 ,$241.90 
8/19/2015,$255.25 ,3598937,$260.33 ,$260.65 ,$255.02 
8/18/2015,$260.72 ,4186051,$255.38 ,$260.95 ,$253.56 
8/17/2015,$254.99 ,7168396,$255.56 ,$256.59 ,$250.51 
8/14/2015,$243.15 ,4360693,$247.24 ,$247.93 ,$241.77 
8/13/2015,$242.51 ,4683330,$239.86 ,$246.48 ,$239.12 
8/12/2015,$238.17 ,3730138,$235 ,$239.77 ,$232.74 
8/11/2015,$237.37 ,4260892,$237.15 ,$239.30 ,$234.44 
8/10/2015,$241.14 ,4179307,$238.15 ,$242.97 ,$236.05 
8/7/2015,$242.51 ,5069602,$243.58 ,$243.73 ,$238.39 
8/6/2015,$246.13 ,14617820,$249.54 ,$255 ,$236.12 
8/5/2015,$270.13 ,5969245,$263.58 ,$271 ,$260.40 
8/4/2015,$266.28 ,2336152,$260.01 ,$266.72 ,$258.34 
8/3/2015,$259.99 ,2547164,$266.29 ,$266.71 ,$257.07 
7/31/2015,$266.15 ,2218004,$267.60 ,$269.36 ,$265.12 
7/30/2015,$266.79 ,2030605,$262.69 ,$266.94 ,$262.11 
7/29/2015,$263.82 ,2782886,$264.27 ,$267.89 ,$262 
7/28/2015,$264.82 ,3879330,$255.75 ,$265.40 ,$251.84 
7/27/2015,$253.01 ,4688874,$262.43 ,$264.43 ,$250.79 
7/24/2015,$265.41 ,2834521,$267.38 ,$271.09 ,$263.92 
7/23/2015,$267.20 ,2222481,$269.65 ,$269.90 ,$265.27 
7/22/2015,$267.87 ,3097326,$261.27 ,$269.44 ,$260.86 
7/21/2015,$266.77 ,6091632,$270.05 ,$273.50 ,$266.55 
7/20/2015,$282.26 ,4969754,$275 ,$286.65 ,$272.54 
7/17/2015,$274.66 ,4996689,$272.50 ,$275.54 ,$268.25 
7/16/2015,$266.68 ,1598253,$264.22 ,$267.20 ,$263.16 
7/15/2015,$263.14 ,2006860,$266.74 ,$267.49 ,$262.08 
7/14/2015,$265.65 ,1905569,$262.10 ,$265.99 ,$260.51 
7/13/2015,$262.16 ,2951397,$262.25 ,$262.55 ,$256.05 
7/10/2015,$259.15 ,2605215,$262.22 ,$263 ,$257.82 
7/9/2015,$257.92 ,3329764,$259.08 ,$262.95 ,$256.79 
7/8/2015,$254.96 ,6212610,$259.32 ,$260.80 ,$254.31 
7/7/2015,$267.88 ,6096385,$275 ,$275.20 ,$260.77 
7/6/2015,$279.72 ,4109259,$278.88 ,$281.69 ,$276.30 
7/2/2015,$280.02 ,7155585,$280.20 ,$282.45 ,$273.31 
7/1/2015,$269.15 ,2100019,$271.11 ,$272.62 ,$267.85 
6/30/2015,$268.26 ,3084435,$264.80 ,$270.92 ,$264 
6/29/2015,$262.02 ,3471452,$261.95 ,$265.95 ,$260.70 
6/26/2015,$267.09 ,3829660,$268.89 ,$269.11 ,$266 
6/25/2015,$268.79 ,2844993,$266.45 ,$271.41 ,$265.25 
6/24/2015,$265.17 ,2411492,$266.98 ,$267.35 ,$263.72 
6/23/2015,$267.67 ,3864602,$260.32 ,$268 ,$258.57 
6/22/2015,$259.79 ,4559072,$262.15 ,$264.40 ,$255.69 
6/19/2015,$262.51 ,2458900,$262.40 ,$263.80 ,$260.10 
6/18/2015,$261.89 ,2781441,$262 ,$263.46 ,$260.02 
6/17/2015,$260.41 ,5500560,$252.17 ,$264.36 ,$252.02 
6/16/2015,$253.12 ,1980918,$250.13 ,$253.44 ,$249.10 
6/15/2015,$250.38 ,2182932,$249.70 ,$251.28 ,$246.01 
6/12/2015,$250.69 ,1418457,$250.21 ,$253.46 ,$250.21 
6/11/2015,$251.41 ,2040973,$253.26 ,$254.37 ,$250.43 
6/10/2015,$250.70 ,3452631,$251.90 ,$254 ,$248.50 
6/9/2015,$256 ,2596059,$255.40 ,$257.74 ,$254.14 
6/8/2015,$256.29 ,5006944,$250.85 ,$258.75 ,$250.31 
6/5/2015,$249.14 ,3019837,$246 ,$249.70 ,$245.68 
6/4/2015,$245.92 ,2425588,$247.50 ,$249.30 ,$245.71 
6/3/2015,$248.99 ,1778102,$248.20 ,$250.72 ,$247.01 
6/2/2015,$248.35 ,2129438,$248.92 ,$249.40 ,$246.30 
6/1/2015,$249.45 ,2502238,$251.41 ,$251.60 ,$247.47 
5/29/2015,$250.80 ,3785112,$251 ,$252.87 ,$249.43 
5/28/2015,$251.45 ,3646063,$247.03 ,$251.80 ,$245.05 
5/27/2015,$247.43 ,3403988,$248.51 ,$249.50 ,$245.55 
5/26/2015,$247.46 ,3490996,$247.68 ,$252 ,$246.50 
5/22/2015,$247.73 ,2219309,$245.38 ,$248.60 ,$245.01 
5/21/2015,$245.62 ,1966567,$243.03 ,$246.62 ,$242.36 
5/20/2015,$244.35 ,3749479,$247.13 ,$247.74 ,$241.37 
5/19/2015,$247.14 ,3668199,$248.43 ,$251 ,$246.15 
5/18/2015,$248.75 ,3349931,$247 ,$249.90 ,$246 
5/15/2015,$248.84 ,4519337,$243.93 ,$249.40 ,$242.50 
5/14/2015,$244.10 ,2847083,$244.82 ,$244.89 ,$241.25 
5/13/2015,$243.18 ,5432689,$247.61 ,$248.30 ,$242.25 
5/12/2015,$244.74 ,6345797,$240.11 ,$246.35 ,$238.19 
5/11/2015,$239.49 ,5663800,$236.29 ,$242.88 ,$235.31 
5/8/2015,$236.61 ,4665445,$235.99 ,$238.41 ,$233.70 
5/7/2015,$236.80 ,9439902,$221 ,$237.48 ,$220.25 
5/6/2015,$230.43 ,5083776,$234.10 ,$234.47 ,$228.20 
5/5/2015,$232.95 ,5782731,$237.76 ,$239.50 ,$229.13 
5/4/2015,$230.51 ,4427259,$228.18 ,$234.73 ,$227.11 
5/1/2015,$226.03 ,5276924,$229.94 ,$231.77 ,$220.41 
4/30/2015,$226.05 ,3892230,$230.39 ,$232.89 ,$225.17 
4/29/2015,$232.45 ,3931287,$230.05 ,$234.97 ,$227.63 
4/28/2015,$230.48 ,6080178,$234.75 ,$235.50 ,$228.03 
4/27/2015,$231.55 ,11659100,$222.56 ,$238.75 ,$222 
4/24/2015,$218.43 ,2426356,$220.50 ,$220.80 ,$218.01 
4/23/2015,$218.60 ,4408384,$218.27 ,$221.48 ,$217.15 
4/22/2015,$219.44 ,7855513,$212.50 ,$221.88 ,$211.69 
4/21/2015,$209.41 ,3416177,$205.80 ,$210.75 ,$204.31 
4/20/2015,$205.27 ,2558913,$206.78 ,$207.85 ,$203.85 
4/17/2015,$206.79 ,2465551,$204.99 ,$206.88 ,$203.50 
4/16/2015,$206.70 ,1657018,$207.70 ,$209.17 ,$206.29 
4/15/2015,$207.83 ,1943802,$207.46 ,$209.59 ,$206.60 
4/14/2015,$207.46 ,3019087,$208.57 ,$209.49 ,$205.50 
4/13/2015,$209.78 ,3757220,$210.44 ,$213 ,$209.05 
4/10/2015,$210.90 ,4020850,$209.85 ,$211.65 ,$209 
4/9/2015,$210.09 ,3779853,$208.43 ,$210.37 ,$206.12 
4/8/2015,$207.67 ,6279713,$208.20 ,$210.90 ,$205.87 
4/7/2015,$203.25 ,4340295,$202.51 ,$205.06 ,$201.14 
4/6/2015,$203.10 ,12422770,$198 ,$207.75 ,$197.50 
4/2/2015,$191 ,5004742,$190.23 ,$193.23 ,$190 
4/1/2015,$187.59 ,3791479,$188.70 ,$192.30 ,$186.05 
3/31/2015,$188.77 ,5017950,$193.53 ,$193.76 ,$188.41 
3/30/2015,$190.57 ,10062310,$185.85 ,$192.25 ,$181.80 
3/27/2015,$185 ,8596563,$189.07 ,$189.29 ,$181.40 
3/26/2015,$190.41 ,4120184,$193.92 ,$194.79 ,$189.70 
3/25/2015,$194.30 ,5721582,$198.27 ,$198.59 ,$192.70 
3/24/2015,$201.72 ,3640866,$201.58 ,$203.79 ,$199.75 
3/23/2015,$199.63 ,2622492,$198.50 ,$200.50 ,$197.47 
3/20/2015,$198.08 ,4250076,$197.45 ,$198.99 ,$195.62 
3/19/2015,$195.65 ,8468846,$202 ,$204.59 ,$194.53 
3/18/2015,$200.71 ,4796873,$194.96 ,$200.88 ,$193.11 
3/17/2015,$194.73 ,4890265,$195.43 ,$198.71 ,$193.94 
3/16/2015,$195.70 ,5617028,$192 ,$195.91 ,$189.80 
3/13/2015,$188.68 ,5421293,$188.95 ,$191.75 ,$187.32 
3/12/2015,$191.07 ,4139769,$193.75 ,$194.45 ,$189.75 
3/11/2015,$193.74 ,4968406,$191.15 ,$196.18 ,$191.01 
3/10/2015,$190.32 ,5539041,$188.46 ,$193.50 ,$187.60 
3/9/2015,$190.88 ,6732511,$194.39 ,$194.49 ,$188.25 
3/6/2015,$193.88 ,6705451,$199.21 ,$200.75 ,$192.15 
3/5/2015,$200.63 ,4870131,$202.85 ,$206.19 ,$200.15 
3/4/2015,$202.44 ,4215255,$199.25 ,$202.52 ,$197.21 
3/3/2015,$199.56 ,4430800,$196.81 ,$200.24 ,$195.32 
3/2/2015,$197.33 ,7910402,$202.70 ,$203.34 ,$195.83 
2/27/2015,$203.34 ,3871397,$206.90 ,$208.55 ,$202.80 
2/26/2015,$207.19 ,6468020,$204 ,$211.09 ,$202.22 
2/25/2015,$203.76 ,3907505,$204.94 ,$207.14 ,$202.58 
2/24/2015,$204.11 ,6587298,$207.29 ,$207.29 ,$201.70 
2/23/2015,$207.34 ,8487131,$215.66 ,$218.20 ,$206.33 
2/20/2015,$217.11 ,5978376,$210.78 ,$217.60 ,$209.81 
2/19/2015,$211.71 ,5137203,$205 ,$212.44 ,$203.75 
2/18/2015,$204.46 ,2710898,$204.17 ,$206.17 ,$202.60 
2/17/2015,$204.35 ,3964555,$205.70 ,$205.70 ,$201.50 
2/13/2015,$203.77 ,6148207,$202.90 ,$205.99 ,$200.91 
2/12/2015,$202.88 ,15626830,$193.57 ,$203.09 ,$193.28 
